com,quest,answer,length,result,date
삼성카드,삼성카드를 지원한 이유와 입사 후 회사에서 이루고 싶은 꿈을 기술하시오,"삼성카드는 카드사 중에서 유일한 상장사라는 점과 ‘미래에 카드는 쓰지 않을 것이다’라는 의견에도 불구하고 카드가 아닌 신용이라는 본질적인 가치에 맞추어 선도적으로 종합합금융플랫폼으로 나아가고 있다는 점이 흥미롭게 보였습니다. 

 00산학협력원에서 산학프로젝트를 진행하면서 계속해서 중요하게 생각했던 것은 우리가 만드는 플랫폼을 철저하게 고객입장에서 만들어야 한다는 것이었습니다. 프로젝트 진행도 애자일 방식으로 사용자의 요구사항에 입각해서 진행했는데 확실히 개발자 입장에서 접근할때와 사용자 입장에서 접근하는 방식의 차이는 정말 크다는 것을 깨달았습니다. 

 현재 삼성카드에서 진행중인 빅데이터 사업으로 사용자들의 데이터를 실시간으로 분석해서 개인별 니즈와 상황에 적합한 서비스를 추천해주는 ‘링크 파트너’라는 서비스를 제공하고 있는데 서비스가 14년도부터 시작되었다는 점이 새삼 놀라웠습니다. 저는 이 사업에 더불어 시대적 흐름에 맞게 고객이 어떤 것을 원하는지 지금까지 쌓인 데이터를 기반으로 분석하여 활용해보고 싶습니다.

또한, 삼성카드가 가진 교육제도를 보면 지금 지원하는 데이터 분석 분야 뿐만아니라 다른 분서들도 데이터분석에 대한 기본을 갖출 수 있도록 프로그램을 구성한 부분이 데이터 리터러시와 관련된 트렌드를 잘 따라가는 모습도 매력적으로 느꼈습니다. ",700,x,09월 13일
삼성카드,"본인의 성장과정을 간략히 기술하되 현재의 자신에게 가장 큰 영향을 끼친 사건, 인물 등을 포함하여 기술하시기 바랍니다. (※작품속 가상인물도 가능) ","지금까지의 김명환을 설명하자면 ‘책임’, ‘사람’ 두 단어를 빼놓을 수 없습니다. 어릴 적부터 반장과 회장 역할을 맡아서 해왔으며, 대학을 다닐 때도 학생회와 동아리에서 회장 및 국장 등의 자리를 역임했고, 군 생활도 ROTC를 통해 장교로 복무하였습니다. 항상 주도적으로 이끌어가는 위치에 있었지만, 남들을 이끌어간다는 것은 사실 ‘권한’처럼 달콤해 보이는 단어보다는 ‘책임’의 무게가 훨씬 큰 상황들의 연속이었습니다. 

[빈틈없는 최전방 통신망]
 서해최북단을 지키는 해병대 6여단 소속으로 군복무를 하던 시절에 대대의 정보통신을 총 책임지는 역할을 맡고 있었습니다. 해안가 주변에 주요 통신망이 위치하다 보니 습한 공기의 영향으로 통신 단자나 통신 선로들이 빠르게 부식된다는 약점이 있었습니다. 이는 곧 소대원들의 업무 부담으로 이어졌는데 10명 남짓한 소대원들이 본부 건물을 포함해 6개의 소초와 해안가를 따라서 배치된 세부 통신망들을 모두 관리하다 보니, 하루에 접수되는 신고건수만 5건이 넘었고 결국 제때 밥을 못먹게 된다거나 과업이 늦게 끝나는 경우가 많았습니다. 
  여느 때처럼 사무실에 고장이 난 통신장비를 보다가 문득 '대체 어디 부대가 제일 고장을 많이 내는 거지?' 하는 생각이 들었고 곧바로 엑셀 파일을 실행시켜서 부대별로 통신장비 현황을 정리하기 시작했습니다. 지금까지의 기록들을 확인하며 좀 더 세부적으로 월별, 주별로 나눠서 데이터를 정리하여 통계를 내보니 특정한 통신망 구간의 신고율이 높은 것과 부대별 빈도의 차이가 확연히 나타나는 것을 확인할 수 있었습니다. 
  이를 토대로 현황에 대한 자료를 엑셀 차트로 시각화하여 부대회의에서 통신망 관리방안을 보고했고, 부대 중점사항으로 채택되어 운영했습니다. 고장이 잦은 곳은 선로를 재구성하거나 장비를 교체해주고, 중요도에 따라 우선순위를 매겨 효율적으로 운영하였습니다. 결과적으로 통신망 고장 신고 건수가 최대 하루 2건 정도로 많이 감소한 효과가 있었습니다. 
 시기상 군관련 안보문제가 쟁점이 되었을 때 불시로 수차례 합동참모본부 등 상급부대에서 점검을 나왔는데, 단 한 건의 지적이 발생하지 않도록 유지관리 했습니다. 덕분에 부대원들도 불필요하게 시간과 노력을 투자하지 않게 하여, 작전수행간에 소통이 원활하도록 이바지할 수 있었습니다.",1500,x,09월 13일
삼성카드,최근 사회이슈 중 중요하다고 생각되는 한가지를 선택하고 이에 관한 자신의 견해를 기술해 주시기 바랍니다,"공공데이터 인턴을 수행할 때 처음으로 접하게된 ‘마이데이터’라는 개념은 어느새 법으로도 검토가 될 만큼 코앞까지 다가온 것을 느낍니다. 개인의 데이터를 사고 판다는 관점에서 분석에 필요한 데이터를 제공 받을 수 있다는 것은 서비스 제공차원에서는 엄청나게 큰 기회일 것입니다. 물론, 아직 삼성카드가 마이데이터 사업 진출에 대기중인 상황이지만 기존에 삼성카드가 보유하고 있는 데이터들을 가지고 준비를 한다면 충분히 우위를 가져올 수 있다고 생각합니다. 프로젝트를 통해 빅데이터를 다뤄보면서 확실히 양의 중요성도 느꼈지만, 더 중요한 것은 어떻게 데이터에서 인사이트를 도출해낼 수 있는가 였습니다. 지금도 세상에 좋은 분석기술과 기법은 넘쳐나는데 그렇다고 모두가 그런 툴을 활용해서 어떤 좋은 결과물로 만들어낼 수 있는 것은 아니듯이 고객이 무엇을 원하는지를 최우선으로 하여 고민해 보는 것이 오히려 목적지 더 빠르게 도달하는 방법이라고 생각합니다. 
삼성은 그룹이라는 메리트가 있기 때문에 금융계열사인 삼성생명, 삼성화재, 삼성카드, 삼성증권 등의 회사에서 나오는 데이터들을 활용한 통합 플랫폼이 나온다면 그 영향력은 감히 상상하지 못할 정도일 것입니다. 사람들은 서비스가 먼저 나왔다고 쓰기보다는 제대로된 서비스가 나와야 사용하는 것이 대부분입니다. 한 예로 저희 아파트 관리비를 결제 하는데 있어서 갑자기 삼성카드가 유명해졌는데 이유는 결제한 관리비 세부내역이 삼성카드만 제공해준다는 것이었습니다. 별것 아닌 것 같지만 주민들은 최종적인 결제 금액에 대한 세부내용을 알고 싶다는 어떻게 보면 단순하고 당연한 니즈인데 다른 카드사들은 제공하지 않았던 것에 대해서 새삼 놀랐던 기억이 있습니다. 이처럼 마이데이터를 추진하기에 앞서 축적된 데이터를 통해서 고객이 원하는 플랫폼이 무엇일지 고민하는 시간을 가질 수 있는 기회로 활용한다면 오히려 긍정적인 기회가 될 것이라 생각합니다. ",1000,x,09월 13일
삼성카드,지원 직군과 관련한 성공경험 또는 입사 후 직무 관련 성과창출을 위해 본인이 지금까지 개발한 역량 및 노력에 대해 기술해 주시기 바랍니다,"[밤낮으로 노력하여 우수상을 수상]
  데이터공부를 위해 통계와 데이터 분석 관련 자격증 2개를 취득하였고, 2개를 더 취득 준비중이며, 데이터 인턴도 수행하였으나 전문적인 스킬이 부족하다고 많이 느꼈습니다. 특히, 국립축산과학원에서 근무할 때 소센서에 나오는 데이터를 SQL로 처리를 했는데 데이터 양이 많아지니 로딩이 굉장히 늦어지는 것을 보고 진짜 빅데이터는 사용하는 툴도 달라야한다는 것을 느꼈습니다. 데이터를 전문적으로 다루는 능력을 기르고자 00산학협력원에서 진행하는 ‘PBL 머신러닝 기반 빅데이터 분석가 양성과정’ 참여하였습니다. 6개월이라는 기간이 길어보이지만 사실 그 기간안에 프로그래밍 언어를 배우고, 빅데이터를 다루는 전반적인 개념과 머신러닝까지 이해한다는 것은 정말 어렵고 빡빡한 일정이었습니다. 매일매일 새롭게 배우는 생소한 개념들을 이해하기 위해서 평균 밤 9시까지 남아서 수업에 대한 복습 및 스터디를 꾸려서 서로 이해한 내용을 공유했습니다. 

교육과정 마지막에는 산학프로젝트를 진행했는데 저희 팀은 ‘뉴스빅데이터 분석을 통한 주가변동성 예측’이라는 주제였습니다. 우선 부족한 도메인 지식을 채우고자 도움이 될만한 관련 도서를 추려서 도서관에서 대출하여 팀원들과 스터디를 진행했습니다. 팀장이었던 저는 모호했던 프로젝트의 방향성을 명확히 하는 것이 향후 진행에도 좋다고 생각하여 팀원들과 회의를 통하여 프로젝트의 목적과 목표를 구체적으로 설정하였습니다. 
  하지만 문제는 그것뿐만이 아니었습니다. 저희가 교육과정에 배우지 않았던 자연어처리에 대한 내용이 프로젝트의 절반이상을 차지 했으며, 분석에 필요한 기법들도 사실상 배우지 않았던 부분들이 많았습니다. 그럼에도 쉽게 포기하지 않고 팀원들과 지속적인 회의를 통하여 아이디어를 도출해냈고, 부족한 부분들은 열심히 검색을 통해서 찾아갔습니다. 
 많은 어려움이 있었지만 결론적으로 저희팀은 중간발표 1등 그리고 좋은 결과로 마무리할 수 있었습니다. ",1000,x,09월 13일
현대해상,"본인의 강점, 가치관 등을 Keyword 형태로 자유롭게 기술하여 주시기 바랍니다.","▶ 감성사전을 통한 감성분류 정확도 94%달성

ㅇ에서 뉴스 빅데이터 분석을 통한 주가변동성 예측 프로젝트를 했던 경험이 있습니다. 신규투자자들의 투자의사결정을 지원해주는 뉴스데이터 분석 모델과 주가변동성 예측 모델을 만드는 것이 목표였습니다. 하지만 문제는 교육과정에 자연어처리에 관한 내용이 전혀 없었다는 것이었습니다. 0부터 시작하는 상황이었지만 팀장으로서 프로젝트를 포기할 수는 없기에 책과 인터넷을 찾아보며 진행하기로 하였습니다. 먼저, 주가 분석과 관련한 선행 연구 사례들 33개의 논문을 확인하였습니다. 그중에서도 참고할만한 논문 7개를 추려 기존 문제점들을 개선해나가는 식으로 방향을 잡았습니다. 

제가 맡은 업무는 뉴스 데이터 분석으로 개선점을 크게 3가지로 잡았습니다. 
첫째, 데이터 양의 증가
논문들의 한계의 공통점에는 활용한 데이터의 길이와 크기에 제한을 받았다는 것이었습니다. 따라서, 저희는 총 2010년 1월부터 2021년 6월까지 약 11년치의 네이버 경제뉴스에 있는 모든 언론사의 기사 데이터를 크롤링을 통해 수집하여 충분한 데이터를 확보하였습니다.
둘째, 언어적 특성 고려
BERT는 문장을 앞뒤로 해석하여 문맥을 이해할 수 있으므로 상황에 따라 달리 해석되는 다의어도 파악할 수 있는 특징이 있습니다. 이를 활용하여 문맥적 의미변이 및 동음이의어 구분의 문제를 해결하였습니다.
셋째, 전문화된 감성사전
기존 감성사전은 영화의 댓글의 감성을 파악하거나 트위터 글에서 감성을 파악하는 등 단순한 감정을 읽는 것이었다면 저희가 만든 감성사전은 주식 도메인에 특화된 감성사전입니다. 증권사 리서치 자료를 포함하여 전문적인 용어를 추가, 단어 임베딩을 통해 단어 유사도 검증을 거쳐 감성 수치를 구체화하였습니다.

위와 같은 과정을 거쳐 최종적으로 정확도 94%에 달하는 감성분류모델을 만들었습니다.

위의 사례처럼 저는 새로운 도전을 두려워 하지 않고 결국 해내는 습관과 배움을 즐기는 자세를 가지고 있습니다. ",1000,x,09월 27일
현대해상,관심직무에 지원하게 된 동기 및 준비과정을 구체적으로 기술하여 주시기 바랍니다. ,"데이터를 공부하고 싶었던 저는 수업을 따라가기도 벅찼지만, 소학회를 만들어 대학에서 빅데이터 소학회를 창설하여 R과 Python 스터디를 주도하였고, 꾸역꾸역 따라가서 끝내 졸업할 수 있었습니다. 대학 졸업 후에 장교로 임관하여 정보통신학교에서 데이터가 흘러가는 시스템에 대한 이해를 높이며 데이터에 대한 감을 잃지 않으려 노력했습니다. 전역 후에 남들보다 낮은 학점으로 졸업한 터라 데이터 분야로 갈 자신이 없었습니다. 하지만, 이대로 포기할 수는 없어 전역 후에 인턴에 도전하였고, 낮에는 인턴 근무를 하고 밤에는 자격증 공부를 병행해가며 열심히 수행했습니다. ㅇ에서 인턴으로 근무하며 센서데이터를 전처리하는 업무를 맡아서 SQL을 활용하는 스킬을 키웠습니다.

인턴이 끝나고 ‘PBL 머신러닝 기반 빅데이터 분석가 과정’에 참여하였습니다. 아침 9시부터 6시까지 강의를 듣고 남아서 밤 9시까지 반드시 내 것으로 만들겠다는 일념으로 하루 12시간씩 투자해가며 공부했습니다. 하루 2시간씩 걸리는 통학은 제게 걸림돌이 아니었습니다. 아침에는 관련 뉴스를 보면서, 돌아갈 때는 배운 수업내용 관련 동영상을 찾아보면서 지냈습니다. 처음에는 동기들에게 물어보기 바빴지만 프로젝트를 수행할때는 나름 남들을 알려줄 수준이 되어 프로젝트 팀장으로 팀원들을 이끌었습니다.

결국 수료식날 1등으로 수료하여 우수상을 받은 기억은 앞으로 나아가고자 하는 길에 큰 용기가 되었습니다. 이처럼 하고자 하는 것이 있으면 포기하지 않고 끝까지 해본다면 언젠가는 결실을 볼 수 있다는 사실을 절실히 깨달았습니다. 

또한, 인턴과 산학프로젝트를 통해 데이터를 활용하는 능력도 길렀습니다. 인턴을 하면서 공공데이터를 활용하는 아이디어 경진대회에 참가하여 현재 사회가 필요로 하는 것이 무엇인지 중점적으로 고민하면서 결과물을 기획하여 수상하였습니다. ㅇ에서 진행한 프로젝트에서 뉴스 빅데이터 분석을 통해 주가변동성 예측 모델을 만들었고, 빅데이터 플랫폼화 해보는 경험을 했습니다. 이런 경험들을 토대로 고객들이 진정으로 필요로 하는 바를 도출하고, 고객 데이터를 분석하는데 기여할 것입니다.",1200,x,09월 27일
현대해상,당면한 문제나 어려움을 극복하기 위해 노력했던 경험과 그것을 통해 얻은 교훈을 기술하여 주시기 바랍니다.,"대학 졸업후에 해병대 장교로 임관하여 서해최북단 백령도에서 근무했습니다. 하계 IBS훈련을 받을 때 병과 간부가 함께 훈련생으로 지냈는데 훈련을 받으며 팀원 중 훈련에 대충 임하는 인원이 있어서 갈등이 발생했습니다. 보트를 머리에 얹고 갈 때 살짝 머리를 뺀다든지, 패들링을 할 때 혼자만 대충 젓는 식으로 행동한 것이 문제였습니다. 알고보니 전역이 얼마남지 않은 상황이라 굳이 열심히 할 이유가 없다는 것이었습니다.

팀장을 맡은 저는 지금까지 쌓인 인간관계 노하우를 바탕으로 팀원들에게 적절한 역할 분배를 하였고, 훈련간에 많이 지치더라도 목소리를 제일 크게 내거나 유난히 힘들어하는 인원을 교대하여 밸런스를 유지하는 등 솔선수범하는 모습으로 팀원들의 신뢰를 얻었습니다. 특히, 문제가 되었던 인원과는 꾸준히 대화하면서 동기부여가 될 수 있도록 노력했습니다. 

해당 인원은 하루하루 점차 팀에 녹아들었고, 훈련 막바지에 주어진 임무를 가장 빨리 수행하는 팀을 뽑는 최종미션에서 압도적으로 1등을 차지하여 훈련유공을 받은 경험이 있습니다.

사실 사람들은 각자 처한 상황에 따라 합리적으로 판단하는 특징을 가지고 있습니다. 어떤 사람이 이해가 되지 않는 행동을 한다고 해서 그 사람을 이상한 사람이라고 판단해버리기보다는 직접 그 사람과 대화를 시도하고 상대방의 입장과 처지를 이해하는 것이 먼저가 되어야 한다는 것을 깨달았습니다. ",800,x,09월 27일
효성인포메이션시스템,지원 직무 관련 자신이 갖춘 역량에 대하여 구체적으로 기술하여 주십시오.,"효성을 대표하는 “빅데이터 분석전문가”가 위해서는 크게 두 가지 역량이 중요하다고 생각합니다.

▶ 첫째, 데이터 리터러시
대학에서 빅데이터 소학회를 창설하여 R과 Python 스터디를 주도하였고, 대학 졸업 후에 장교로 임관하여 정보통신학교에서 데이터가 흘러가는 시스템에 대한 이해를 높였으며, 전역 후 ㅇ에서 인턴으로 근무하며 센서데이터를 전처리하는 업무를 맡아서 SQL을 활용하는 스킬을 키웠습니다. 최근에는 PBL 머신러닝 기반 빅데이터 분석가 과정에 참여하여 빅데이터의 수집부터 머신러닝 기반 활용 및 시각화까지의 과정을 공부하였고 우수한 성적으로 수료하였습니다.

또한, 인턴과 산학프로젝트를 통해 데이터를 활용하는 능력도 길렀습니다. 인턴을 하면서 공공데이터를 활용하는 아이디어 경진대회에 참가하여 현재 사회가 필요로 하는 것이 무엇인지 중점적으로 고민하면서 결과물을 기획하여 수상하였습니다. ㅇ에서 진행한 프로젝트에서 뉴스 빅데이터 분석을 통해 주가변동성 예측 모델을 만들었고, 효성의 pentaho와 비슷하게 빅데이터 플랫폼화 해보는 경험을 했습니다. 이를 통해 공공, 마케팅, 금융 분야 고객들을 이해하고 데이터를 분석하는데 기여할 것입니다.

▶ 둘째, 의사소통능력

‘조직’이라는 단어는 제 삶을 대표하는 키워드입니다. 학창시절부터 성인이 된 이후까지 학생회와 동아리에서 회장 및 국장을, 그리고 ROTC를 하며 자치근무자를 거쳐 해병대 장교로 임관하였습니다. 서해최북단 백령도에서 IBS훈련을 받을때 솔선수범하는 모습으로 팀원들의 신뢰를 얻었고, 미션을 가장 빨리 수행하는 팀을 뽑는 최종미션에서 1등을 차지하여 훈련유공을 받은 경험이 있습니다.

IT프로젝트는 많은 전문 인력이 투입되고 수많은 오픈소스와 솔루션의 조합, 그리고 최적화가 빈번하므로 협업능력이 필수입니다. 위와 같은 역량을 바탕으로 현재 효성에서 운영하는 빅데이터 솔루션에 대해 이해하고 발전시켜 고객들을 확실하게 만족시키는 효성 최고의 빅데이터 분석전문가가 되겠습니다.",1000,x,09월 27일
CJ올리브네트웍스,"회사와 직무를 선택한 이유는 무엇이며, 만약 입사하게된다면 어떻게 회사 발전에 기여할 수 있을지 기술해주시기 바랍니다. ","[나만의 맞춤 챗봇 서비스 개발]
CJ올리브네트웍스 고객들을 위한 맞춤형 대화 AI솔루션을 개발하고 싶습니다. ㅇ에서 뉴스 빅데이터 분석 프로젝트를 진행하며 자연어처리에 대한 매력을 많이 느꼈는데 그 이후로 자연어처리에 대해 공부를 꾸준히 해오고 있습니다. 현재는 자연어처리를 통해 고객센터의 기능을 돕는 수준으로 챗봇서비스로 제공하는 수준이라면 이후에는 CJ 고객들의 빅데이터를 분석하여 고객 맞춤형 챗봇서비스를 개발해보고 싶습니다. 고객 데이터 분석을 통해 적절한 시기에 챗봇이 대화를 시도한다면 도움이 될 것입니다. 예를 들어, 영화를 자주 보는 고객이라면 새로운 영화 개봉에 맞춰 알림을 주고 영화와 관련된 상품도 확인해보겠냐는 추천 서비스를 제공해주면 좋을 것입니다.

또한, 고객의 감성을 체크 할 수 있는 알고리즘을 만들고 싶습니다. 프로젝트에서 감성분류를 하면서 사람의 감정은 어떻게 구분할 수 있을까 하는 궁금증이 생겼습니다. 고객들의 데이터에서 기분이 좋을 때와 기분이 안 좋을때의 구매 패턴이나 기타 앱 이용패턴을 구분해 낸다면 구현하고자 하는 챗봇이 더욱 센스있게 고객에게 답변할 수 있을 것입니다.

AI 엔지니어가 되어 위와 같이 센스 있는 맞춤형 챗봇 서비스를 개발해보고 싶습니다.",700,x,09월 27일
CJ올리브네트웍스,"지원하신 직무와 관련된 역량을 키우기 위해 노력한 경험 및 결과에 대해 작성해주시기 바랍니다. (700자, 최대 3개까지 작성 가능) (예시) [관련 경험 제목] 작성 후 ①역량을 키우기 위한 노력한 경험에 대한 내용과 기간을 작성 ②교내활동(강의/교내 프로젝트/논문/스터디/동아리/학회 등)과 교외활동(공모전/개인학습/프로젝트 등) 등으로 나누어 자유롭게 선택 가능","[뉴스 빅데이터 분석을 통한 주가 변동성 예측]

ㅇ에서 뉴스 빅데이터 분석을 통한 주가변동성 예측 프로젝트를 했던 경험이 있습니다. 신규투자자들의 투자의사결정을 지원해주는 뉴스데이터 분석 모델과 주가변동성 예측 모델을 만드는 것이 목표였습니다. 먼저, 주가 분석과 관련한 선행 연구 사례들 33개의 논문을 확인하였습니다. 그중에서도 참고할만한 논문 7개를 추려 기존 문제점들을 개선해나가는 식으로 방향을 잡았습니다. 

제가 맡은 업무는 뉴스 데이터 분석으로 개선점을 크게 3가지로 잡았습니다. 
첫째, 데이터 양의 증가
논문들의 한계의 공통점에는 활용한 데이터의 길이와 크기에 제한을 받았다는 것이었습니다. 따라서, 저희는 총 2010년 1월부터 2021년 6월까지 약 11년치의 네이버 경제뉴스에 있는 모든 언론사의 기사 데이터를 크롤링을 통해 수집하여 충분한 데이터를 확보하였습니다.
둘째, 언어적 특성 고려
BERT는 문장을 앞뒤로 해석하여 문맥을 이해할 수 있으므로 이를 활용하여 문맥적 의미변이 및 동음이의어 구분의 문제를 해결하였습니다.
셋째, 전문화된 감성사전
기존 감성사전은 영화의 댓글의 감성을 파악하거나 트위터 글에서 감성을 파악하는 등 단순한 감정을 읽는 것이었다면 저희가 만든 감성사전은 주식 도메인에 특화된 감성사전입니다. 

위와 같은 과정을 거쳐 최종적으로 정확도 94%에 달하는 감성분류모델을 만들었습니다.",700,x,09월 27일
현대중공업,"지원 직무에 요구되는 역량은 무엇이라고 생각하며, 이를 갖추기 위해 어떠한 노력을 해왔는지 기술해 주십시오. ","스마트 중공업을 선도하는 ICT직무는 신기술을 접목하는 데이터 리터러시와 원활한 의사소통을 통한 협업능력이 필요합니다. 저는 언급한 능력을 키우기 위해 다음과 같은 노력을 하였습니다. 

첫째, ㅇ에서 진행한 뉴스 빅데이터 분석을 통해 주가변동성을 예측하는 프로젝트를 성공적으로 이끌었습니다. 팀장을 맡아 프로젝트의 Agile방식 운영과 기획을 총괄하였고, 뉴스데이터 분석을 담당했습니다. BERT를 활용해 뉴스 기사의 긍정과 부정을 분류하는 감성 분류모델을 만들었고, 성능은 무려 94%에 달했습니다. 또한, 팀원들의 특성을 파악하여 적절한 R&R를 구성 및 특색있는 의사소통을 통해 프로젝트를 발표 1등으로 마무리했습니다.
둘째, 인턴으로 근무하며 참가한 대회에서 입상하였습니다. 공공데이터를 활용하여 사회에 도움이 되는 아이디어를 도출해내는 대회에서 ‘청년정책 구독서비스’, ‘무형문화재 대중화’, ‘퇴비부숙도 관리 앱’와 같은 시의적절한 아이디어를 기획하여 3개의 상을 수상하였습니다.

더불어, 매일 아침 IT관련 뉴스를 읽고, 1일 1코딩을 실천하는 습관을 가지고 있습니다.",500,x,09월 27일
현대중공업,본인의 삶에서 다른 사람에게 꼭 이야기 해주고 싶은 경험이 있다면 기술해 주십시오,"데이터를 공부하고 싶었던 저는 수업을 따라가기도 벅찼지만, 소학회를 만들어 스터디를 운영해가며 꾸역꾸역 따라가서 끝내 졸업할 수 있었습니다. 하지만 남들보다 낮은 학점으로 졸업한 터라 데이터 분야로 갈 자신이 없었습니다. 하지만, 이대로 포기할 수는 없어 전역 후에 인턴에 도전하였고, 낮에는 인턴 근무를 하고 밤에는 자격증 공부를 병행해가며 열심히 수행했습니다. 

인턴이 끝나고 ‘PBL 머신러닝 기반 빅데이터 분석가 과정’에 참여하였습니다. 아침 9시부터 6시까지 강의를 듣고 남아서 밤 9시까지 반드시 내 것으로 만들겠다는 일념으로 하루 12시간씩 투자해가며 공부했습니다. 하루 2시간씩 걸리는 통학은 제게 걸림돌이 아니었습니다. 아침에는 관련 뉴스를 보면서, 돌아갈 때는 배운 수업내용 관련 동영상을 찾아보면서 지냈습니다. 

결국 수료식날 1등으로 수료하여 우수상을 받은 기억은 앞으로 나아가고자 하는 길에 큰 용기가 되었습니다. 이처럼 하고자 하는 것이 있으면 포기하지 않고 끝까지 해본다면 언젠가는 결실을 볼 수 있다는 사실을 절실히 깨달았습니다.",500,x,09월 27일
현대중공업,타인과의 갈등을 원만하게 극복한 경험에 대해 기술해 주십시오.,"대학 졸업후에 해병대 장교로 임관하여 서해최북단 백령도에서 근무했습니다. 하계 IBS훈련을 받을 때 병과 간부가 함께 훈련생으로 지냈는데 훈련을 받으며 팀원 중 훈련에 대충 임하는 인원이 있어서 갈등이 발생했습니다. 보트를 머리에 얹고 갈 때 살짝 머리를 뺀다든지, 패들링을 할 때 혼자만 대충 젓는 식으로 행동한 것이 문제였습니다. 알고보니 전역이 얼마남지 않은 상황이라 굳이 열심히 할 이유가 없다는 것이었습니다.

팀장을 맡은 저는 지금까지 쌓인 인간관계 노하우를 바탕으로 팀원들에게 적절한 역할 분배를 하였고, 훈련간에 많이 지치더라도 목소리를 제일 크게 내거나 유난히 힘들어하는 인원을 교대하여 밸런스를 유지하는 등 솔선수범하는 모습으로 팀원들의 신뢰를 얻었습니다. 특히, 문제가 되었던 인원과는 꾸준히 대화하면서 동기부여가 될 수 있도록 노력했습니다. 

해당 인원은 하루하루 점차 팀에 녹아들었고, 훈련 막바지에 주어진 임무를 가장 빨리 수행하는 팀을 뽑는 최종미션에서 압도적으로 1등을 차지하여 훈련유공을 받은 경험이 있습니다.",500,x,09월 27일
현대중공업,본인의 취미와 특기에 대해 기술해 주십시오,"제 취미는 음악감상과 동영상 제작입니다. 경기도에 살다보니 보통 이동할 때 시간이 1시간 정도 되기 때문에 그동안 음악을 들으며 사색에 빠지곤 하는데 음악을 들으면 근심과 걱정이 사르르 녹는 기분입니다. 

고등학생 시절, 어버이날을 맞아 부모님을 초청하는 행사가 있어서 관련 영상을 준비한 경험이 있는데 그때 만든 동영상을 보며 많은 부모님께서 감동하는 모습을 보고 그 이후로도 여유가 될 때 추억을 동영상으로 만들곤 합니다. 제 추억을 아름답게 간직할 수 있는 것뿐만 아니라 영상과 음악이 완벽하게 어우러졌을 때 느끼는 희열은 짜릿합니다. 

친구들의 졸업식, 전역 행사 등 기념적인 일이 있을 때 영상을 만들어서 보여준 적이 있는데, 영상을 본 친구들의 감사 인사를 들을 때면 밤을 새워가며 만든 제 결과물에 엄청난 뿌듯함을 느낍니다. 또한, ㅇ라는 브랜드를 공부하는 대외활동을 하면서 팀을 소개하는 팀 스토리셀링 대회가 있었는데 당시 팀 소개를 영상으로 만들어 결국 특별상을 수상한 경험도 있습니다. ",500,x,09월 27일
한국투자증권,"성장과정:가족사항, 학창시절, 교우관계, 생활습관, 자신에게 크게 영향을 미친 사건 등을 포함하여 구체적으로 작성","▶최전방 통신체계를 책임지다◀

지난 2018년, 저는 해병대 장교로 임관했습니다. 그동안 여러 조직에서 리더 역할을 많이 맡았지만 확실하게 책임과 권한이 주어지는 경험은 감회가 남달랐습니다. 서해최북단 백령도에 부대 배치 후 들어간 첫 회의에서 대대장님의 훈육을 통해 느꼈던 최전방 부대의 긴장감은 시험을 치르며 느꼈던 종류의 것과는 차원이 달랐습니다.
그전까지 저는 현실과 타협하면서 적당히 지내는 학생이었습니다. 하지만 매일 저만 바라보는 소대원들과 부서 간부들, 그리고 부대에서 정보통신에 관련한 최고 책임자로 지내면서 적당히는 확실히로 바뀌었고, 맡은 일을 확실하게 책임지고 해내는 사람이 되었습니다. 대대장님이 가장 믿어주신 참모이자 수치화를 통한 데이터기반 운영과 밤낮 없는 출동으로 백령도의 통신체계망 60%를 관리했고 특히, 상급부대 검열시 지적이 한 건도 없었다는 자부심이 있습니다.  이를 바탕으로 한국투자증권에서도 제 맡은 바 업무를 확실하게 처리할 수 있으리라 생각합니다.",500,o,09월 28일
한국투자증권,실패 혹은 좌절을 극복한 사례와 이를 통해 얻은 교훈은?,"▶빅데이터 분석기사 실패를 발판 삼다◀

교육과정을 수강하며 빅데이터 분석기사를 준비했기에 교육만으로도 시험에 도움이 된다고 생각하며 조금 안일하게 준비했습니다. 결국, 거짓말처럼 단 한 문제 차이로 필기시험에서 떨어졌습니다. 같이 준비했던 동기생들이 실기까지 수월하게 합격하는 모습을 보면서 ‘겸손’과 ‘유비무환’의 중요성을 머릿속 깊이 되새겼습니다. 실패의 쓴맛을 보고 난 후 남은 교육과정에서 매일 같이 밤 9시까지 남아서 스터디와 프로젝트에 누구보다 열심히 임하였고, 수료식날 1등으로 우수상을 받게 되는 영광을 얻었습니다. ",500,o,09월 28일
한국투자증권,증권업을 선택하게된 이유와 증권사 중 당사를 선택한 이유,"▶고객에 관심이 많은 한국투자증권◀

동학개미운동을 보며 주가 분석에 관한 관심이 있었는데 ㅇㅇ에서 뉴스 빅데이터 분석을 통한 주가 변동성 예측 프로젝트를 진행하면서 본격적으로 증권업에 관심을 가졌습니다. 또한, 금융데이터 경진대회에 참가하여 한국투자증권에서 제공한 신규투자자 데이터를 분석한 경험이 있습니다. 의외로 2030 투자자들이 4050 투자자들과 비교해 유사한 투자 패턴을 보인다는 것이 인상적이었습니다. 대회에 참가하며 한국투자증권에서는 고객데이터 분석, 그중에서도 MZ세대에 대해 중점을 두는 것을 느껴 더욱 관심이 갔습니다.",300,o,09월 28일
한국투자증권,지원한 분야는 어떤 일을 한다고 생각하는가?,"한국투자증권의 디지털 전환의 핵심으로 기존 금융과 차별화된 혁신적인 서비스를 만들기 위해서 ‘디지털 혁신의 일상화’를 주도하는 분야라고 생각합니다. 마이데이터 시대를 맞아 빅데이터와 AI를 기반으로 하여 고객의 데이터를 분석하여 고객 맞춤형 서비스, 맞춤형 자산관리와 맞춤형 투자 솔루션을 개발하여 다양한 금융플랫폼 서비스를 선보이는 일을 한다고 생각합니다.",200,o,09월 28일
한국투자증권,지원분야에 본인이 적합한 이유를 증명하시오.,"▶검증된 데이터 리터러시◀

빅데이터의 수집부터 머신러닝 기반 활용 및 시각화까지 공부하는 ‘PBL 머신러닝 기반 빅데이터 분석가 과정’을 1등으로 수료하였습니다. 프로젝트에서 대용량 데이터를 받아 머신러닝 기반의 주가 변동성 예측 모델과 자연어처리를 활용한 뉴스 빅데이터 분석 모델을 개발한 경험은 고객데이터 분석에 도움이 될 것입니다. 또한, 인턴을 수행하며 공공데이터를 활용한 아이디어 경진대회에서 수상한 경력은 고객이 원하는 서비스를 기획할 때 이바지할 것입니다.

▶성과를 가져오는 소통력◀

학창시절부터 성인이 된 이후까지 학생회와 동아리에서 회장 및 국장을, 그리고 ROTC 자치근무자를 거쳐 해병대 장교로 임관하였습니다. 조직을 이끌면서 성과를 가져온 노하우와 소통능력은 누구보다 자신 있습니다. 항상 상대방 처지에서 생각해보고 경청하는 습관을 통해 디지털 부서 전체의 시너지 효과를 불러일으켜 보겠습니다.

위와 같은 역량을 바탕으로 주도적으로 업무를 수행하는 사원이 되겠습니다.",500,o,09월 28일
한국투자증권,"당신의 인생계획(Life Plan)에서 꿈은 무엇이고, 그 꿈을 이루기 위해 회사가 어떻게 도움을 줄 수 있는지 서술하시오.","▶사람 맞춤형 데이터 사이언티스트◀

제 꿈은 사람들을 행복하게 해주는 일을 하는 것입니다. 지금까지 많은 사람과 교류하고 어떤 조직에서 리더 역할을 맡은 이유도 저와 함께하는 사람들이 행복해지길 바라는 마음에서 나왔습니다. 특히, 데이터 분석가의 능력과 데이터 엔지니어의 능력을 모두 갖춘 사람 맞춤형 데이터 사이언티스트가 되어 사회에 도움이 되는 일을 하는 것이 목표입니다. 여러 조직생활 경험을 통해 얻은 사람에 대한 이해와 데이터를 공부하며 얻은 지식을 바탕으로 하여 사람에 대해 깊이 있게 연구하고 사람에게 도움이 되는 서비스를 만들며 보람을 느끼는 사람이 되고 싶습니다. 
한국투자증권에서 유능한 팀원들과 고객데이터를 분석하고 고객이 원하는 인사이트를 도출하여 서비스로 구현해내는 고객 맞춤형 데이터 사이언티스트가 된다면 제가 이루고자 하는 꿈에 현실적으로 다가갈 수 있을 것으로 생각합니다. 제 꿈을 이루기 위해 열정적인 배움의 자세로 디지털 부서를 이끄는 핵심인재로 성장하겠습니다.",500,o,09월 28일
LG CNS,LG CNS에 지원한 동기와 입사 이후 꿈꾸는 것은 무엇인가요?,"▶성장하는 빅데이터 기반 IT 서비스 전문가◀

제게 가장 큰 동기 부여는 바로 성장입니다. 사내외벤처 프로그램 지원 및 기술역량 레벨 평가제도 도입 등 지금까지 LG CNS가 보여준 모습들은 혁신을 통한 성장 그 자체라 해도 과언이 아닙니다. 꾸준히 쌓아온 역량을 바탕으로 LG CNS와 함께한다면 그 성장은 배가 되리라 생각합니다.

ㅇㅇ에서 진행한 뉴스 빅데이터 분석을 통한 주가 변동성 예측 프로젝트에서 뉴스 데이터 분석을 하면서 자연어처리에 대해 처음 접하였습니다. 당시 교육과정에 자연어처리는 없어서 스스로 공부해야 하는 어려움이 있었지만, 언어를 전공했던 경험을 살려 뉴스 데이터를 통해 감성분류 모델을 만드는 역할을 맡았습니다. 책과 논문, 인터넷을 뒤지며 BERT 활용방안을 찾던 중 KorQuAD라는 데이터셋을 찾았고, 이것을 만든 곳이 바로 LG CNS라는 사실에 크게 관심이 생겼습니다. 

LG CNS에 입사하여 ‘빅데이터 기반 IT 서비스 전문가’로 성장하고자 아래 계획을 세웠습니다. 입사 후 3년차 ‘금융 서비스 전문가’로 성장하겠습니다. 저는 ㅇ산학원에서 프로젝트로 뉴스 빅데이터 분석과 머신러닝 기법들을 통해 주가 변동성을 예측하는 빅데이터 플랫폼을 구축해본 경험이 있습니다. 이를 바탕으로 입사 후에도 앞장서서 금융 도메인 지식을 학습하고 마이데이터를 활용한 고객 맞춤형 서비스를 만들겠습니다. 입사 후 5년 차 ‘AI빅데이터 프로젝트 전문가’로 성장하겠습니다. 지금까지 학교에서 진행한 프로젝트를 포함하여 총 6번의 크고 작은 프로젝트를 진행한 경험이 있습니다. 여기에 AI빅데이터 공부를 꾸준히 하여 탄탄한 기반 지식을 바탕으로 성공적인 프로젝트를 이끌겠습니다. 입사 후 10년 차 ‘최고기술전문가’로 성장하겠습니다. 기술역량레벨을 최고수준으로 올리고 기술리더십 평가를 통해 테크 마이스터 자격을 거머쥐겠습니다. 

아직도 저희집에서 제 기능을 다 하는 금성 전자레인지처럼 오래도록 IT서비스 부서를 책임질 핵심인재로 성장하겠습니다.",1000,x,09월 30일
LG CNS,지원분야와 관련된 구체적인 지식이나 경험은 무엇이 있나요?,"▶1등으로 수료한 빅데이터 분석가 과정◀

빅데이터 플랫폼을 활용한 수집, 저장, 처리, 분석까지의 단계와 머신러닝 기반 활용 및 시각화까지 공부하는 ‘PBL 머신러닝 기반 빅데이터 분석가 과정’을 1등으로 수료하였습니다. 교육과정 부반장을 맡아 매일 아침 데이터 분석 관련 뉴스를 정리해서 공유하고, 밤늦게까지 남아서 배운 내용을 스터디 멤버들과 서로 가르쳐주는 방식으로 부족한 부분을 채워가며 과정에 누구보다 열심히 임했습니다.

▶ 감성사전을 통한 감성분류 정확도 94%달성◀

ㅇ에서 뉴스 빅데이터 분석을 통한 주가변동성 예측 프로젝트를 했던 경험이 있습니다. 신규투자자들의 투자의사결정을 지원해주는 뉴스데이터 분석 모델과 주가변동성 예측 모델을 만드는 것이 목표였습니다. 먼저, 주가 분석과 관련한 선행 연구 사례들 33개의 논문을 확인하였습니다. 그중에서도 참고할만한 논문 7개를 추려 기존 문제점들을 개선해나가는 식으로 방향을 잡았습니다. 

팀장을 맡아 Agile방식으로 프로젝트를 기획 및 총괄했으며, 중점적으로 제가 맡은 업무는 뉴스 데이터 분석으로 개선점을 크게 3가지로 잡았습니다. 
첫째, 데이터 양의 증가
논문들의 한계의 공통점에는 활용한 데이터의 길이와 크기에 제한을 받았다는 것이었습니다. 따라서, 저희는 네이버 경제뉴스에 있는 모든 언론사의 기사 데이터를 수집 하여 총 2010년 1월부터 2021년 6월까지 약 11년치의 충분한 데이터를 확보하였습니다.
둘째, 언어적 특성 고려
저희는 BERT모델에 한국어를 학습시킨 KoBERT를 기반으로 감성분류 모델을 만들었습니다. BERT는 문장을 앞뒤로 해석하여 문맥을 이해할 수 있으므로 상황에 따라 달리 해석되는 다의어도 파악할 수 있는 특징이 있습니다. 이를 활용하여 문맥적 의미변이 및 동음이의어 구분의 문제를 해결하였습니다.
셋째, 전문화된 감성사전
기존 감성사전은 영화의 댓글이나 트위터 글에서 단순한 감정을 파악하는 것이었다면 저희가 만든 감성사전은 주식 도메인에 특화된 감성사전입니다. 증권사 리서치 자료를 포함하여 전문적인 용어를 추가하였으며, 단어 임베딩을 통해 단어 유사도 검증을 거쳐 감성 수치를 구체화하였습니다.

위와 같은 과정을 거쳐 최종적으로 정확도 94%에 달하는 감성분류모델을 만들었습니다.",1000,x,09월 30일
LG CNS,"LG CNS에 입사한다면, 어떤 조직이나 분야에서 근무하고 싶나요?",AI를 기반으로 한 금융 플랫폼 구축 혹은 마이데이터 관련 분야에서 근무하고 싶습니다.,50,x,09월 30일
NICE평가정보,자유,"N ▶ No.1 “1위와 함께 하고 싶은 1등” 

빅데이터 플랫폼을 활용한 수집, 저장, 처리, 분석까지의 단계와 머신러닝 기반 활용 및 시각화까지 공부하는 ‘PBL 머신러닝 기반 빅데이터 분석가 과정’을 1등으로 수료하였습니다. 교육과정 부반장을 맡아 매일 아침 데이터 분석 관련 뉴스를 정리해서 공유하고, 밤늦게까지 남아서 배운 내용을 스터디 멤버들과 서로 가르쳐주는 방식으로 부족한 부분을 채워가며 과정에 누구보다 열심히 임했습니다. 

최종프로젝트에서 뉴스 빅데이터분석을 통한 주가 변동성 예측을 다뤘습니다. 특히,  투자지식이 부족한 신규투자자를 돕는 것에 포커스를 맞춰서 진행했습니다. 투자자의 투자성향에 대한 활용방안을 구상하다 문득 개인신용등급이 생각나서 어떤 근거로 등급을 산정하는건지 찾아보았습니다. 단순하게 얼마를 더 소비해서 등급에 영향을 주는 것이 아니라 현재 부채와 채무 상환 등 여러가지 요소를 종합적으로 판단하여 내린다는 사실이 새삼 대단하다고 생각했습니다. 그리고 이와 같은 모델을 만든 NICE평가정보에 관심을 가지게 되었습니다.
국내 최대 신용정도 데이터베이스를 구축하고 있는 1위 신용평가기업인 NICE평가정보는 이미 축적된 개인과 기업 데이터가 많이 있을뿐더러 마이데이터 사업을 통해 개인의 데이터를 활용하면 그 가치는 최고일 것이라 생각하여 더욱 지원하고 싶었습니다. 
프로젝트에서 대용량 데이터를 받아 머신러닝 기반의 주가 변동성 예측 모델과 자연어처리를 활용한 뉴스 빅데이터 분석 모델을 개발한 경험은 고객데이터 분석에 도움이 될 것입니다. 또한, 인턴을 수행하며 공공데이터를 활용한 아이디어 경진대회에서 청년의 니즈를 반영한 ‘청년 맞춤형 정책알리미 서비스’와 시행에 어려움을 겪던 정책인 ‘퇴비부숙도 관리 앱’ 기획하며 수상한 경력은 마이데이터를 기반으로 고객이 원하는 서비스를 기획할 때 이바지할 것입니다.


I ▶ Innovate “학생 목소리에 집중한 정책으로 참여율 70% 달성” 

학부 시절 기존 전년도 학생회에서 행사를 진행하면 보통 학생회와 친한 몇몇 인원들만 참석하여 20%대로 상당히 저조한 참여율을 보였습니다. 따라서 학과 학생회장으로서 적어도 학과생의 50%는 행사에 참여하게 만드는 것을 목표로 세웠습니다. 먼저 학생들의 의견을 들어보고자 편의성을 고려한 구글 설문지로 행사의 주요 참여자인 1학년과 2학년 학생 140명을 대상으로 설문조사를 진행하였고 학생회 임원들과 총 6개의 전공수업에서 학생회에 바라는 점을 직접 조사했습니다. 
그 결과 불참 이유의 핵심은 학과 소속감을 묻는 문항에서 학과에 대한 소속감이 없다는 결과가 50%가 넘었고, 그 이유가 취업과 관련해서 고민이 많기 때문이라는 것을 도출해냈습니다. 이를 토대로 학과장님을 찾아뵙고 학생들의 취업 고민을 해결할 방법을 함께 토의했습니다. 토의 간 졸업한 선배와 소통할 기회가 있으면 좋을 것 같다는 아이디어를 제시하여 학과 최초로 진로 모색 박람회 콘셉트의 ‘영문인의 날’이라는 행사를 기획하였습니다. ‘영문인의 날’ 행사는 안 온 사람을 찾아보기 힘들 정도로 90%에 가까운 행사 참여율을 보였고, 그 이후 행사들에서도 목표를 훌쩍 넘는 70%의 참여율을 유지할 수 있었습니다. 앞으로도 고객이 진정으로 원하는 바를 파악하여 맞춤형 솔루션을 개발하는데 기여하겠습니다.


C ▶ Challenge “최전방 정보통신체계를 책임지다” 

지난 2018년, 저는 해병대 장교로 임관했습니다. 해병대와 정보통신 병과를 선택한 것은 크나큰 도전이었습니다. 서해최북단 백령도에 부대 배치 후 들어간 첫 회의에서 대대장님의 훈육을 통해 느꼈던 최전방 부대의 긴장감은 시험을 치르며 느꼈던 종류와는 차원이 달랐습니다. 
각종 통신장비와 군 내부의 특수망과 수많은 체계를 초임 장교가 모두 제대로 숙지해야 하는 것은 굉장한 부담이었습니다. 하지만, 매일 저만 바라보는 소대원들과 부서 간부들, 그리고 부대에서 정보통신에 관련한 최고 책임자였기 때문에 밤낮으로 공부하고 직접 현장에서 작업해가며 맡은 일을 확실하게 책임지고 해냈습니다. 대대장님이 가장 믿어주신 참모이자 수치화를 통한 데이터 기반 부서운영과 해병대 최초로 도입된 전술정보통신체계를 전력화하여 백령도의 통신체계망 60%를 관리했고 특히, 상급부대 검열 시 지적이 한 건도 없었다는 자부심이 있습니다. 이와 같은 도전정신을 바탕으로 NICE평가정보에서도 제 맡은 바 업무를 확실하게 처리할 수 있으리라 생각합니다.


E ▶ Enjoy “사람 맞춤형 데이터 사이언티스트” 

제 꿈은 사람들을 행복하게 해주는 일을 하는 것입니다. 특히, 데이터 분석가의 능력과 데이터 엔지니어의 능력을 모두 갖춘 사람 맞춤형 데이터 사이언티스트가 되어 사회에 도움이 되는 일을 하는 것이 목표입니다. 여러 조직생활 경험을 통해 얻은 사람에 대한 이해와 데이터를 공부하며 얻은 지식을 바탕으로 하여 사람에 대해 깊이 있게 연구하고 사람에게 도움이 되는 서비스를 만들며 보람을 느끼는 사람이 되고 싶습니다. 
NICE평가정보에서 유능한 팀원들과 고객데이터를 분석하고 고객이 원하는 인사이트를 도출하여 서비스로 구현해내는 고객 맞춤형 데이터 사이언티스트가 된다면 제가 이루고자 하는 꿈에 현실적으로 다가갈 수 있을 것으로 생각합니다. 제 꿈을 이루기 위해 열정적인 배움의 자세로 CB솔루션 부서를 이끄는 NICE한 핵심인재로 성장하겠습니다.",0,x,09월 30일
한화시스템,"한화그룹의 핵심가치 중 한가지를 선택하여 스스로 정의를 내리고, 본인이 해당 핵심가치를 보유한 인재임을 구체적인 사례와 경험을 들어 말씀해주십시오.","▶최전방 정보통신망을 책임지다◀

저를 소개하기 위해서는 ‘도전’이라는 단어를 빼놓을 수 없습니다. 제가 생각하는 도전은 두려움을 무릅쓰고 새로운 길을 개척해나가 결국 목표를 달성해나가는 것입니다.

지난 2018년, 저는 해병대 장교로 임관했습니다. 해병대와 정보통신 병과를 선택한 것은 언어계열 전공이었던 저에게는 크나큰 도전이었습니다. 서해최북단 백령도에 부대 배치 후 들어간 첫 회의에서 대대장님의 훈육을 통해 느꼈던 최전방 부대의 긴장감은 시험을 치르며 느꼈던 종류와는 차원이 달랐습니다. 

각종 통신장비와 군 내부의 특수망과 수많은 체계를 신임 장교가 모두 제대로 숙지해야 하는 것은 굉장한 부담이었습니다. 하지만, 매일 저만 바라보는 소대원들과 부서 간부들, 그리고 부대에서 정보통신에 관련한 최고 책임자였기 때문에 밤낮으로 공부하고 직접 현장에서 작업해가며 맡은 일을 확실하게 책임지고 해냈습니다. 

밤낮으로 노력한 끝에 대대장님이 가장 신뢰하는 참모로 성장했습니다. 수치화를 통한 데이터 기반 부서운영과 해병대 최초로 도입된 한화시스템에서 개발한 전술정보통신체계를 전력화하여 백령도의 통신체계망 60%를 관리했고 특히, 상급부대 검열 시 지적이 한 건도 없도록 정보통신망을 관리했다는 자부심이 있습니다. 이와 같은 도전정신을 바탕으로 한화시스템에서도 맡은 바 업무를 확실하게 처리할 수 있으리라 생각합니다.",700,x,10월 04일
한화시스템,"협업을 통해 좋은 성과를 달성했던 사례와, 실패했던 사례를 한가지씩 말씀해주십시오. 각 경험에서 가장 어려웠던 점과 이를 통해 얻은 것을 함께 기술해주십시오.","▶학생회 최고 참여율 달성◀

학부 시절 학과 학생회장을 맡아 학생회를 운영한 경험이 있습니다. 학생회를 운영하며 가장 어려웠던 점은 학과생들의 행사 참여율을 높이는 것이었습니다. 기존 전년도 학생회에서 행사를 진행하면 보통 학생회와 친한 몇몇 인원들만 참석하여 20%대로 상당히 저조한 참여율을 보였습니다. 따라서 적어도 학과생의 50%는 행사에 참여하게 만드는 것을 목표로 세우고 학생회 임원들과 다양한 방법을 찾았습니다. 
그중에서도 설문조사를 통해 학생들의 의견을 알아본 것이 크게 도움이 되었습니다. 설문조사 결과를 토대로 학과장님을 찾아뵙고 학과 최초로 진로 모색 박람회 콘셉트의 ‘영문인의 날’이라는 행사를 기획하였습니다. ‘영문인의 날’ 행사는 안 온 사람을 찾아보기 힘들 정도로 90%에 가까운 행사 참여율을 보였고, 그 이후 행사들에서도 목표를 훌쩍 넘는 70%의 참여율을 유지할 수 있었습니다. 

▶회원 모집 실패◀

학부 시절 동기들과 빅데이터 소학회를 만들고 운영한 경험이 있습니다. 당시 컴퓨터 관련 학회를 있었지만, 빅데이터 관련한 학회는 없었기에 직접 만들어서 운영하면 좋을 것으로 생각하였습니다. 학회를 만들어 운영하는 것보다 새로운 회원을 모집하는 과정이 더욱 어려웠습니다.

새로운 회원을 모집하기 위해서 나름대로 각자 주변 사람들에게도 알려주고, 포스터도 만들어 홍보하였습니다. 학생들을 직접 보면서 소개하기 위해 학회 설명회를 개최했는데 당일 예정된 시간이 10분이 지나도 오신 분은 한 손에 꼽았습니다. 

생각보다 많이 적은 인원에 충격이었던 저희는 오신 분들을 통해 피드백을 받았습니다. 이를 통해 참석이 어려운 홍보 시간 선정과 학회의 메리트 어필 부족이라는 두 가지 문제점을 알게 되었고 문제점을 반영하여 다시 새롭게 설명회를 준비했습니다.",1000,x,10월 04일
한화시스템,"한화시스템 ICT부문은 ""SMART&CREATIVE""""라는 비전슬로건을 갖고 있습니다. 현재 IT업계에서 ""SMART&CREATIVE""가 왜 필요한지 정의하고, 지원한 직무와 관련하여 본인이 ""SMART&CREATIVE"" 한 인재라는 것을 증명할 수 있는 구체적인 사례와 경험을 말씀해주십시오.","▶교육과정 1등◀

빅데이터 플랫폼을 활용한 수집, 저장, 처리, 분석까지의 단계와 머신러닝 기반 활용 및 시각화까지 공부하는 ‘PBL 머신러닝 기반 빅데이터 분석가 과정’을 1등으로 수료하였습니다. 교육과정 부반장을 맡아 매일 아침 IT 관련 뉴스를 정리해서 공유하고, 밤늦게까지 남아서 배운 내용을 스터디 멤버들과 서로 가르쳐주는 방식으로 부족한 부분을 채워가며 과정에 누구보다 열심히 임했습니다. 지금까지의 교육을 기반으로 입사후에도 꾸준히 IT와 관련된 공부를 꾸준히 하여 SMART한 사원으로 성장하겠습니다.

▶인턴 대회 3관왕◀

ㅇㅇ에서 인턴을 수행하며 인턴들을 대상으로 대회가 총 3개 열렸습니다. 행정안전부에서 열린 카드뉴스 공모전과 언택트 해커톤 그리고 농촌진흥청에서 열린 아이디어 경진대회였습니다. 카드뉴스 공모전에서는 청년의 니즈를 반영한 ‘청년 맞춤형 정책알리미 서비스’를 기획하였고, 언택트 해커톤에서는 뉴스를 찾아보면서 우리나라가 유네스코 무형유산위원국으로 당선된 배경에 기반하여 ‘무형문화재 대중화 프로젝트’를 기획하여 100팀이 넘는 예선을 통과해 본선에 진출하였습니다. 농촌진흥청 대회에서는 당시 시행에 어려움을 겪던 퇴비부숙도와 관련하여 ‘퇴비부숙도 관리 앱’ 기획하여 3등상을 수상하였습니다. 이처럼 데이터를 활용하여 CREATIVE한 인사이트를 도출하여 IT 종합 솔루션을 기획할 때 이바지할 것입니다.",700,x,10월 04일
NHN Payco,자신에 대해 자유룝게 표현해 주세요.,"▶사람전문가◀

어릴 적부터 사람들과 어울리는 것을 참 좋아했던 저는 자칭 ‘사람전문가’로 성장하였습니다. 반장이나 회장 같은 자리를 맡아 리더 역할을 많이 했었는데 남들을 이끌어간다는 것은 사실 ‘권한’처럼 멋있어 보이는 단어보다는 ‘책임’의 무게가 훨씬 무겁다는 것을 깨달았습니다. 책임의 무게를 견뎌내며 쌓인 경험은 지금의 ‘김명환’을 만들었고, 간략하게 저를 잘 표현할 수 있는 4가지 사례를 소개하겠습니다.


▶학생 목소리에 집중한 정책으로 참여율 70% 달성◀

학부 시절 학과 부회장으로서 학과생들의 행사 참여율을 높이기 위해서 노력한 경험이 있습니다. 당시, 기존 전년도 학생회에서 행사를 진행하면 보통 학생회와 친한 몇몇 인원들만 참석하여 30%대로 저조한 참여율이었습니다. 따라서 적어도 학과생의 50%는 참여하도록 하는 것이 저희의 목표였습니다. 먼저, 구글 설문지를 작성하여 주 참여자인 1학년과 2학년 학생 140명을 대상으로 설문조사를 진행하였고 직접 학생회 임원들에게 총 6개의 전공수업에서 만나는 인원들에게 학생회에 바라는 점을 물어봐달라고 했습니다. 그 결과 불참이유는 행사가 흥미롭지 않다는 것과 자신의 일정과 겹치기 때문이라고 응답하였고, 뜻밖에도 학생들은 학생회에서 행사를 많이 기획해주기를 바란다는 것을 파악하게 되었습니다. 
그리고 영문과 소속감을 묻는 문항에서 학과에 대한 소속감이 없다는 결과가 50%가 넘었고 그 이유가 취업과 관련해서 고민이 많기 때문이라는 것을 도출해냈습니다. 이를 토대로 학과장님께 취업고민을 해결할 방법을 토의했습니다. 설문결과와 토의내용을 바탕으로 학과 최초로 ‘영문인의 날’이라는 행사를 기획하였습니다. ‘영문인의 날’ 행사는 안 온 사람을 찾아보기 힘들 정도로 90%에 가까운 행사 참여율을 보였고, 그 이후 행사들에서도 최소 70% 참여율을 유지할 수 있었습니다.


▶최전방 정보통신망을 완벽하게 관리◀

지난 2018년, 저는 해병대 장교로 임관했습니다. 해병대와 정보통신 병과를 선택한 것은 크나큰 도전이었습니다. 서해최북단 백령도에 부대 배치 후 들어간 첫 회의에서 대대장님의 훈육을 통해 느꼈던 최전방 부대의 긴장감은 시험을 치르며 느꼈던 종류와는 차원이 달랐습니다. 
각종 통신장비와 군 내부의 특수망과 수많은 체계를 초임 장교가 모두 제대로 숙지해야 하는 것은 굉장한 부담이었습니다. 하지만, 매일 저만 바라보는 소대원들과 부서 간부들, 그리고 부대에서 정보통신에 관련한 최고 책임자였기 때문에 밤낮으로 공부하고 직접 현장에서 작업해가며 맡은 일을 확실하게 책임지고 해냈습니다. 
대대장님이 가장 믿어주신 참모이자 수치화를 통한 데이터 기반 부서운영과 해병대 최초로 도입된 전술정보통신체계를 전력화하여 백령도의 통신체계망 60%를 관리했고 특히, 상급부대 검열 시 지적이 한 건도 없었다는 자부심이 있습니다. 이와 같은 도전정신을 바탕으로 PAYCO에서도 제 맡은 바 업무를 확실하게 처리할 수 있으리라 생각합니다.


▶인턴 대회 3관왕◀

ㅇㅇ에서 인턴을 수행하며 인턴들을 대상으로 대회가 총 3개 열렸습니다. 행정안전부에서 열린 카드뉴스 공모전과 언택트 해커톤 그리고 농촌진흥청에서 열린 아이디어 경진대회였습니다. 당시 인턴 동기들에게 대회에 나가보자고 제안을 하였고, 팀을 꾸려 대회에 참가하였습니다. 생각보다 힘들었던 점은 바로 팀원들과의 협업이었습니다. 팀원들의 스킬을 확실히 알아야 하는 것 뿐만아니라 회의를 하면 팀원들의 의견 제시가 매우 저조 했기 때문에 진행이 더뎠습니다. 하지만, 하루하루 팀원들과 친해지며 개인의 장점을 살린 역할 분배와 개인 사정을 알 정도로 친해져 스케쥴 관리에도 문제가 없도록 하여 원만하게 프로젝트를 이끌어 갔습니다. 
결론적으로 카드뉴스 공모전에서는 청년의 니즈를 반영한 ‘청년 맞춤형 정책알리미 서비스’를 기획하였고, 언택트 해커톤에서는 뉴스를 찾아보면서 우리나라가 유네스코 무형유산위원국으로 당선된 배경에 기반하여 ‘무형문화재 대중화 프로젝트’를 기획하여 100팀이 넘는 예선을 통과해 본선에 진출하였습니다. 농촌진흥청 대회에서는 당시 시행에 어려움을 겪던 퇴비부숙도와 관련하여 ‘퇴비부숙도 관리 앱’ 기획하여 3등상을 수상하였습니다. 이처럼 데이터를 활용하여 CREATIVE한 인사이트를 도출하여 IT 종합 솔루션을 기획할 때 이바지할 것입니다.


▶1등으로 수료한 빅데이터 분석가 과정◀

빅데이터 플랫폼을 활용한 수집, 저장, 처리, 분석까지의 단계와 머신러닝 기반 활용 및 시각화까지 공부하는 ‘PBL 머신러닝 기반 빅데이터 분석가 과정’을 1등으로 수료하였습니다. 교육과정 부반장을 맡아 매일 아침 데이터 분석 관련 뉴스를 정리해서 공유하고, 밤늦게까지 남아서 배운 내용을 스터디 멤버들과 서로 가르쳐주는 방식으로 부족한 부분을 채워가며 과정에 누구보다 열심히 임했습니다. 
아침 9시부터 6시까지 강의를 듣고 남아서 밤 9시까지 반드시 내 것으로 만들겠다는 일념으로 하루 12시간씩 투자해가며 공부했습니다. 하루 2시간씩 걸리는 통학은 제게 걸림돌이 아니었습니다. 아침에는 관련 뉴스를 보면서, 돌아갈 때는 배운 수업내용 관련 동영상을 찾아보면서 지냈습니다. 처음에는 동기들에게 물어보기 바빴지만, 프로젝트를 수행할 때는 나름 남들을 알려줄 수준이 되어 프로젝트 팀장으로 팀원들을 이끌었습니다.
결국, 수료식날 1등으로 수료하여 우수상을 받은 기억은 앞으로 나아가고자 하는 길에 큰 용기가 되었습니다. 이 과정을 통해 빅데이터에 대한 이해가 높아졌을 뿐만 아니라 개발자들이 어떤 식으로 프로젝트를 진행하는지에 대해서 경험해볼 수 있었습니다.


▶페이코 오케스트라를 이끄는 지휘자◀

제가 생각하는 Product Manager는 조직을 이끌어가는 리더처럼 프로젝트 전반에 대해 누구보다 잘 알고 있어야 하며, 오케스트라의 지휘자처럼 다양한 부서의 사람들과의 조율을 통해 아름다운 결과물을 만드는 사람입니다. 지금까지 쌓아온 데이터 분석 관련 경험은 개발자의 처지를 이해할뿐더러 기획 파트와의 조율점을 누구보다 잘 찾아낼 수 있을 것이라 자신합니다. 여기에 매일 샘솟는 아이디어 뱅크와 철저한 자기관리로 만든 튼튼한 체력은 페이코의 프로덕트 매니저를 수행하기 위한 기반이라고 생각합니다.
국내 민간 인증서 사업자 중 최초로 '전자서명인증사업자' 인정을 획득한 만큼 마이데이터 기반의 새로운 프로젝트를 성공적으로 이끌어 초기 점유율 확보를 통해 1위를 달성하는 데 일조하겠습니다. ",0,x,10월 04일
NCSOFT,지원동기,"▶조직의 성공에 진심인 편◀

ㅇㅇ에서 진행한 뉴스 빅데이터 분석을 통한 주가 변동성 예측 프로젝트에서 뉴스 데이터 분석을 하면서 자연어처리를 처음 접하였습니다. 당시 교육과정에 자연어처리는 없어서 스스로 공부해야 하는 어려움이 있었지만, 언어를 전공했던 경험을 살려 뉴스 데이터를 통해 감성분류 모델을 만드는 역할을 맡았습니다. 책과 논문, 인터넷을 뒤지며 BERT 활용방안을 찾던 중 엔씨에서 개발한 챗봇서비스 관련 내용을 보게 되었고, 게임 만드는 줄 알았던 회사에서 AI센터와 NLP센터를 운영하고 있었다는 사실을 알고 새삼 놀랐습니다. 심지어 자료 조사 중 알아보았던 금융 앱의 챗봇들보다 엔씨 챗봇이 대답의 유연성도 갖추어서 상당히 똑똑하다는 인상을 받았고, 이 서비스를 만든 NCSOFT에 크게 관심이 생겼습니다. 

또한, 프로젝트에서 팀장을 맡아 전반적인 운영과 관리를 담당했습니다. PM출신이신 담임강사님께서 Agile 방식의 조직운영부터 JIRA를 활용한 프로젝트 관리에 이르기까지 기본적인 프로젝트 운영에 대해서 자세하게 지도해주셨습니다. 특히, 팀장들 위주로 스크럼 방식을 통한 정기 회의가 있었는데 당연히 팀장으로서 해야 할 일이라고만 생각했었습니다. 그런데 프로젝트가 점차 진행되고 회의를 지속해서 하다 보니 이 프로젝트에 대해서 가장 잘 아는 사람이 저 자신이라는 사실을 깨닫고 크게 동기부여가 되었습니다. 프로젝트가 끝나고 교육과정에서 제가 1등으로 수료할 때보다 제가 이끌었던 팀이 발표에서 1등을 할 때가 몇 배는 더 뿌듯하다는 것을 확실히 알았습니다. 이로써 제가 프로젝트를 책임지고 성공적으로 이끌어가는 것 자체에 진심인 사람이라는 것을 깨달았습니다. 

차후 회사에서 진행할 금융 서비스 관련 업무를 맡게 된다면 금융 관련 프로젝트를 했던 경험이 도움이 될 것으로 생각합니다. 앞으로도 지속해서 IT 신기술을 학습하여 게임 사업뿐만 아니라 AI기술을 활용하여 다양한 분야에서 새로운 모습을 통해 고객에게 감동을 주는 결과를 만드는 데 일조하겠습니다.",1000,x,10월 08일
NCSOFT,"자신이 하고 싶은 것을 진지하게 수행했던 경험(Integrity), 무언가에 빠져 헌신적으로 수행했던 경험(Passion), 끊임없는 개선을 통해 타인을 감동시켰던 경험(Never-ending Challenge) 중 한 개를 선택해, 그 경험과 결과를 서술해 주세요","▶최전방 통신체계를 책임지다◀

지난 2018년, 저는 해병대 장교로 임관했습니다. 그동안 여러 조직에서 리더 역할을 많이 맡았지만 확실하게 책임과 권한이 주어지는 경험은 감회가 남달랐습니다. 서해최북단 백령도에 부대 배치 후 들어간 첫 회의에서 대대장님의 훈육을 통해 느꼈던 최전방 부대의 긴장감은 시험을 치르며 느꼈던 종류의 것과는 차원이 달랐습니다.
그전까지 저는 현실과 타협하면서 적당히 지내는 학생이었습니다. 하지만 저만 바라보는 소대원들과 부서 간부들, 그리고 부대에서 정보통신에 관련한 최고 책임자로 지내면서 적당히는 확실히로 바뀌었고, 맡은 일을 확실하게 책임지고 해내는 사람이 되었습니다. 
일주일에 몇 번이나 위급한 실상황이 발생하는 분위기에서 자칫하면 제 부대원들이 위험하겠다는 생각이 들어 작전통신망 관리를 더욱 철저하게 했습니다. 특히, 해안과 근접한 특성으로 인해 통신망과 감시장비의 고장이 잦았는데 거짓말처럼 한밤중이나 주말에 가장 고장이 많았습니다. 그로 인해 개인적인 여유가 전혀 없었지만 그런데도 버틸 수 있었던 것은 믿고 의지할 수 있는 소대원들이 있었기 때문이었습니다. 
대대장님이 가장 믿어주신 참모이자 수치화를 통한 데이터 기반의 효율적인 운영과 다른 참모 부서와의 원활한 소통으로 백령도의 통신체계망 60%를 관리했고 특히, 상급부대 검열 시 지적이 한 건도 없었다는 자부심이 있습니다. 이를 바탕으로 NCSOFT에서도 제 맡은 바 업무를 확실하게 처리할 수 있으리라 생각합니다.

제가 생각하는 PM은 프로젝트의 방향을 잡아주는 나침반이자 프로젝트 전반에 대해 누구보다 잘 알고 있어야 하며, 부대의 지휘관처럼 다양한 부서의 사람들과의 조율을 통해 조직은 지킬 수 있는 사람입니다. 장교 생활을 통해 쌓은 경험은 업무를 이끌어가는 추진력뿐만 아니라 다른 파트와의 조율점을 누구보다 잘 찾아낼 수 있을 것이라 자신합니다. 여기에 맡은 일은 반드시 해내는 책임감과 철저한 자기관리로 만든 튼튼한 체력은 PM직무를 수행하기 위한 기반이 될 것입니다.",1000,x,10월 08일
NCSOFT,"지원한 분야의 전문성과 역량을 갖추기 위해 본인이 노력했던 경험과 그 결과에 대하여 구체적으로 서술해 주세요. (자신이 서비스하고 싶었던 앱 혹은 게임이 있다면, 그에 대한 설명과 관련 경험, 결과도 좋습니다)","▶1등으로 수료한 빅데이터 분석가 과정◀

빅데이터 플랫폼을 활용한 수집, 저장, 처리, 분석까지의 과정과 머신러닝 기반 활용 및 시각화를 교육하는 ‘PBL 머신러닝 기반 빅데이터 분석가 과정’을 1등으로 수료하였습니다. 교육과정에서 부반장을 맡아 매일 아침 IT 관련 뉴스를 정리해서 공유하고, 밤늦게까지 남아서 배운 내용을 스터디 멤버들과 서로 가르쳐주는 방식으로 하루 12시간씩 투자해가며 부족한 부분을 채워가며 과정에 누구보다 열심히 임했습니다. 
결국, 이 과정을 통해 빅데이터에 대한 이해가 높아졌을 뿐만 아니라 요구사항을 도출해내는 기획부터 개발자들이 어떤 식으로 협업하는지 알 수 있었고 특히, 최종프로젝트에서 사용자의 요구사항에 집중한 서비스 구현과 발표구성으로 발표 1등을 이뤄낸 경험은 좋은 밑거름이 될 것입니다


▶ 학생 목소리에 집중한 정책으로 참여율 70% 달성◀

학생회를 운영하며 학과생들의 행사 참여율을 높이기 위해서 노력한 경험이 있습니다. 당시, 기존 전년도 학생회에서 행사를 진행하면 보통 학생회와 친한 몇몇 인원들만 참석하여 30%대로 저조한 참여율이었습니다. 따라서 적어도 학과생의 50%는 참여하도록 하는 것이 저희의 목표였습니다. 먼저, 구글 설문지를 작성하여 주 참여자인 1학년과 2학년 학생 140명을 대상으로 설문조사를 진행하였고 행사가 흥미롭지 않다는 이유 때문이라는 것을 파악하게 되었습니다. 
또한, 학과에 대한 소속감이 없다는 결과가 50%가 넘은 이유가 취업과 관련해서 고민이 많기 때문이라는 것을 도출해냈습니다. 이를 토대로 학과장님께 취업 고민을 해결할 방법을 토의하여 학과 최초로 진로 모색 박람회 콘셉트의 ‘영문인의 날’이라는 행사를 기획하였습니다. 행사는 안 온 사람을 찾아보기 힘들 정도로 90%에 가까운 행사 참여율을 보였고, 그 이후 행사들에서도 최소 70% 참여율을 유지할 수 있었습니다. 이처럼 항상 상대방 처지에서 생각해보고 경청하는 습관을 통해 PM업무를 보조하며 성장하겠습니다.",1000,x,10월 08일
넷마블네오,게임산업에 관심을 가지게 된 계기와 넷마블에 지원하게 된 동기를 구체적으로 서술하여 주십시오.,"제 꿈은 사람들을 행복하게 해주는 일을 하는 것입니다. 지금까지 많은 사람과 교류하고 어떤 조직에서 리더 역할을 맡은 이유도 저와 함께하는 사람들이 행복해지길 바라는 마음에서 나왔습니다. 여러 조직생활 경험을 통해 얻은 사람에 대한 이해와 데이터를 공부하며 얻은 지식을 바탕으로 하여 사람에 대해 깊이 있게 연구하고 사람에게 도움이 되는 서비스를 만들며 보람을 느끼는 사람이 되고 싶습니다. 

사람들을 행복하게 해줄 수 있는 일이 무엇일까 생각해보다 누구에게나 쉽고 재미있게 다가갈 수 있는 것이 ‘게임’이라는 결론을 내렸습니다. 돌이켜보면 게임은 제 인생에서 행복했던 추억과 항상 함께였습니다. 친구들과 모여서 놀때나 명절에 만난 사촌들과도 함께 시간을 보낼때처럼 즐겁고 행복한 순간에는 게임이 있었습니다. 

제가 태어나서 처음 푹 빠진 게임은 넷마블의 노바1492라는 게임이었습니다. 친구들이 스타크래프트를 할 때도 저는 노바의 매력에 푹 빠져서 시간 가는 줄 모르고 했던 기억이 있습니다.
현재, 넷마블은 2014년부터 사람과 함께 노는 지능적인 AI개발을 시작하여 게임의 운영을 돕기 위한 콜럼버스 프로젝트와 유저 맞춤형 게임을 만들기 위한 마젤란 프로젝트를 진행하고 있습니다. 빅데이터 분석가 과정을 수료하며 AI활용한 서비스에 관심이 많았기에 넷마블의 이런 프로젝트가 더욱 흥미가 갔습니다. 

결국 넷마블에서 이뤄내고자하는 고객의 편의성을 높이고 최상의 게임 만족도를 이끌어내는 등 고객에 집중한 모습은 사람에 관심이 많은 제 가치관과 맡닿아 있다고 생각합니다. 넷마블에서 유능한 팀원들과 고객데이터를 분석하고 고객이 원하는 인사이트를 도출하여 서비스로 구현해내는 고객 맞춤형 PM이 된다면 제가 이루고자 하는 꿈에 현실적으로 다가갈 수 있을 것으로 생각합니다. 제 꿈을 이루기 위해 열정적인 배움의 자세로 넷마블을 이끄는 핵심인재로 성장하겠습니다.",1000,x,10월 11일
넷마블네오,"본인이 넷마블 CEO 라면, 어떤 게임/사업을 추진하고 싶은지와 그 이유를 구체적으로 서술하여 주십시오.","사실 게임이라는 것이 단순하게 게임을 하는 용도가 아니라 새로운 시대적 변화의 흐름에 맞게 일상화된다면 게임의 모습이나 방식도 그에 맞게 변할 것이라 생각합니다. 게임의 본질인 사람들을 즐겁게 해주는 기능과 고객이 원하는 서비스와 연계한다면 그것을 게임이라고 부를 수 있을 것으로 생각합니다. 

저는 크게 두가지 종류의 게임을 추진해보고 싶습니다. 

첫번째로는 코로나로 인해 집에만 있는 사람들이 늘어남에 따라서 각종 콘텐츠 구독서비스가 흥행한 것처럼 사람들이 집에서 할 수 있는 활동을 찾고 있다는 것을 보여줍니다. 이런 사회적 흐름에 맞춰 어떤 타겟층을 선정하기 보다는 누구나 쉽게 즐길 수 있는 게임을 만드는 것이 중요하다고 생각합니다. 다차원적이고 깊은 스토리를 가진 게임도 좋지만 유저들이 많은 생각을 해야하고 입문이 어렵다면 모두가 즐기기에는 어려움이 있기 때문입니다. 특히, 코로나 이후 건강에 관심을 갖는 분들이 부쩍 늘어남에 따라 가만히 앉아서 하는 게임보다는 몸을 조금 움직이면서 하는 식으로 게임을 구성해보고 싶습니다.

두번째로는 새로운 경험을 해보는 기회를 마련해 주는 것입니다. 사람들이 부캐라는 것에 열광했던 이유는 자신이 지금까지 해보지 못했던 새로운 모습의 또 다른 자신을 보여주고 싶다는 마음에서 비롯된 것인데 이는 게임에서 캐릭터라는 것을 성장시키며 얻는 만족감과 비슷하다고 생각합니다. 다만, 저는 현실적인 요소들을 가지고 새로운 직업을 체험해 볼 수 있는 게임을 만들어 보고 싶습니다. 흔히 말하는 현실 고증을 잘 반영하여 새로운 직업을 가진 모습을 시뮬레이션 해봄으로써 만족을 얻을 수 있다고 생각합니다.

무엇보다도 게임으로 얻을 수 있는 행복을 최대한 많은 분들이 느낄 수 있도록 하고 싶습니다. 게임을 단순히 어린애들이 한다거나 취미로만 하는 부류가 따로 있는 것이 아니라 모두가 함께 즐길 수 있는 세상을 만들어 보고 싶습니다.",1000,x,10월 11일
넷마블네오,"타인과 협력하는 과정에서 가장 어려웠던 일을 사례를 들어 설명하고, 어려움을 어떻게 극복하였으며 그를 통해 무엇을 느꼈는지 서술하여 주십시오.","대학 졸업후에 해병대 장교로 임관하여 서해최북단 백령도에서 근무했습니다. 하계 IBS훈련을 받을 때 병과 간부가 함께 훈련생으로 지냈던 경험이 있습니다. 훈련 자체가 개인이 아니라 한 팀으로 훈련을 받는 방식이었고 한 명이라도 제 몫을 못해내면 밸런스가 쉽게 무너지는 구조였습니다. 훈련을 받으며 팀원 중 훈련에 대충 임하는 인원이 있어서 갈등이 발생했습니다. 보트를 머리에 얹고 갈 때 살짝 머리를 뺀다든지, 패들링을 할 때 혼자만 대충 젓는 식으로 행동하여 팀의 사기를 떨어뜨렸습니다. 알고보니 전역이 얼마남지 않은 병장이었고 굳이 열심히 할 이유가 없어서 그렇게 행동한다는 것이었습니다. 

팀장을 맡은 저는 지금까지 쌓인 인간관계 노하우를 바탕으로 팀원들을 조율하며 이끌었습니다. 우선 팀원들에게 적절한 역할 분배를 하였고, 훈련간에 많이 지치더라도 목소리를 제일 크게 내거나 유난히 힘들어하는 인원을 교대하여 밸런스를 유지하는 등 솔선수범하는 모습으로 팀원들의 신뢰를 얻었습니다. 특히, 문제가 되었던 인원과는 꾸준히 대화하면서 동기부여가 될 수 있도록 노력했습니다. 해당 인원은 하루하루 점차 팀에 녹아들었고, 훈련 막바지에 주어진 임무를 가장 빨리 수행하는 팀을 뽑는 최종미션에서 압도적으로 1등을 차지하여 훈련유공을 받은 경험이 있습니다. 

사실 사람들은 겉보기에는 이상해보일지라도 각자 처한 상황에 따라 합리적으로 판단한 것을 토대로 행동한다는 것을 깨달았습니다.  만일 어떤 사람이 이해가 되지 않는 행동을 한다고 해서 그 사람을 이상한 사람이라고 판단해버리기보다는 직접 그 사람과 대화를 시도하고 상대방의 입장과 처지를 이해하는 것이 먼저가 되어야 한다는 것을 배웠습니다. 

이러한 경험을 바탕으로 많은 전문 인력이 투입되고 수많은 오픈소스와 솔루션의 조합, 그리고 최적화가 빈번한 IT프로젝트를 이끌어 가는데 도움이 될 것으로 생각합니다.",1000,x,10월 11일
넷마블네오,개발PM 직무를 선택한 이유와 개발PM이 되기 위해 어떤 노력을 하였는지 작성하여 주십시오.,"▶프로젝트를 즐기는 사람◀ 

개발PM은 데이터를 기초로 한 분석과 의사결정이 필요한 직무이며 무엇보다도 개발 전반에 대한 기본 지식을 갖추고 있어야 합니다. ㅇㅇ에서 PBL 머신러닝 기반 빅데이터 분석가 과정을 1등으로 수료하였으며, 최종프로젝트로 뉴스 빅데이터 분석을 통한 주가변동성 예측 모델을 개발하여 주린이를 위한 ‘Hola Platform’이라는 서비스를 만들어본 경험이 있습니다. 

프로젝트에서 팀장을 맡아 전반적인 운영과 관리를 담당했습니다. PM출신이신 담임강사님께서 Agile 방식의 조직운영부터 JIRA를 활용한 프로젝트 관리에 이르기까지 기본적인 프로젝트 운영에 대해서 자세하게 지도해주셨습니다. 특히, 팀장들 위주로 스크럼 방식을 통한 정기 회의가 있었는데 당연히 팀장으로서 해야 할 일이라고만 생각했었습니다. 그런데 프로젝트가 점차 진행되고 회의를 지속해서 하다 보니 이 프로젝트에 대해서 가장 잘 아는 사람이 저 자신이라는 사실을 깨닫고 크게 동기부여가 되었습니다. 

프로젝트가 끝나고 교육과정에서 제가 1등으로 수료할 때보다 제가 이끌었던 팀이 발표에서 1등을 할 때가 몇 배는 더 뿌듯하다는 것을 확실히 알았습니다. 이를 통해 제가 프로젝트를 책임지고 성공적으로 이끌어가는 것 자체에 진심인 사람이라는 것을 깨달았습니다. 내가 직접 서비스를 만들어낸다는 보람과 고객이 원하는 바를 제대로 담아내야 한다는 것이 제게는 무척 매력적이었고 경험을 통해 PM직무를 수행함에 있어서도 기여할 것으로 생각합니다.",700,x,10월 11일
넷마블네오,프로젝트 관리와 유관한 본인의 경험을 서술하고 이를 통해 얻은 중요한 교훈을 작성하여 주십시오.,"▶Why에 집중한 올라운드 플레이어◀

팀장으로서 팀을 이끌어가며 느꼈던 점 중에서 중요하다고 생각했던 것이 크게 두가지가 있습니다. 
첫번째는 바로 Why에 집중해서 이끌어야 한다는 것입니다. 팀원들은 프로젝트가 진행될수록 모두가 그래서 우리가 무엇을 해야 하는지 What과 그에 따라서 어떤 식으로 구현해낼지 How에만 집중하는 경향을 보였습니다. 물론, 둘 다 중요한 부분이지만 열심히 개발하다 보면 항상 일이 잘 풀리는 것은 아니기에 중간중간 헤맬 때가 있습니다. 그럴 때마다 이게 맞는 것인지 스스로 반문하게 되는데 그때 필요한 것이 바로 목표의 방향성을 잡아주는 왜 이 기능을 구현해야 하는지, 어떤 요구사항에 의해서 하고 있는지 즉, Why였습니다. 
두 번째는 머릿속으로 프로젝트 전반적인 그림을 그릴 수 있어야 한다는 것입니다. 팀원들 특성을 고려하여 R&R을 정하였는데 데이터분석팀과 플랫폼 구축팀으로 나뉘었습니다. 중간중간 팀에서 진행 상황을 알려주면 문제점을 정확하게 인지하고 해결방안을 함께 고려해야 하는데 직접 해본 사람만큼은 아니더라도 비슷하게 이해하기 위해서는 사실 그 팀이 한 것을 제가 제대로 이해하지 않고서는 절대 불가능하다는 것을 깨달았습니다.
앞으로도 지속해서 IT 신기술을 학습하여 게임 사업뿐만 아니라 AI기술을 활용하여 다양한 분야에서 새로운 모습을 통해 고객에게 감동을 주는 결과를 만드는 데 일조하겠습니다. ",700,x,10월 11일
신영증권,"성장과정을 현재의 자신에게 가장 큰 영향을 끼친 사건, 인물 등을 중심으로 서술해주십시오.","▶최전방 통신체계를 책임지다◀

지난 2018년, 저는 해병대 장교로 임관했습니다. 그동안 여러 조직에서 리더 역할을 많이 맡았지만 확실하게 책임과 권한이 주어지는 경험은 감회가 남달랐습니다. 서해최북단 백령도에 부대 배치 후 들어간 첫 회의에서 대대장님의 훈육을 통해 느꼈던 최전방 부대의 긴장감은 시험을 치르며 느꼈던 종류의 것과는 차원이 달랐습니다.

그전까지 저는 현실과 타협하면서 적당히 지내는 학생이었습니다. 하지만 매일 저만 바라보는 소대원들과 부서 간부들, 그리고 부대에서 정보통신에 관련한 최고 책임자로 지내면서 적당히는 확실히로 바뀌었고, 맡은 일을 확실하게 책임지고 해내는 사람이 되었습니다. 대대장님이 가장 믿어주신 참모이자 수치화를 통한 데이터기반 운영과 밤낮없는 출동으로 백령도의 통신체계망 60%를 관리했고 특히, 상급부대 검열시 지적이 한 건도 없었다는 자부심이 있습니다. 이를 바탕으로 신영증권에서도 저의 맡은바 업무를 확실하게 처리할 수 있으리라 생각합니다.",500,,10월 18일
신영증권,가장 열정을 가지고 도전하여 성취한 경험에 대해 서술해주십시오.,"▶주식도메인 뉴스분류모델 개발◀

산학프로젝트에서 신규투자자들의 투자의사결정을 지원해주는 뉴스데이터 분류 모델을 개발했던 경험이 있습니다. 자연어처리를 공부하면서 총 33편의 선행 연구 사례를 살펴보고 개선점을 크게 3가지로 잡았습니다. 
첫째, 데이터 양의 증가
활용한 데이터의 절대량에 제한이 있던 기존 연구를 토대로, 네이버 경제뉴스에 있는 모든 언론사의 기사를 크롤링하여 약 11년치의 충분한 데이터를 확보하였습니다.
둘째, 언어적 특성 고려
저희는 문장을 앞뒤로 해석하여 문맥을 이해할 수 있는 KoBERT를 활용하여 문맥적 의미변이 및 동음이의어 구분의 문제를 해결하였습니다.
셋째, 전문화된 감성사전
증권사 리서치 자료를 포함하여 전문적인 용어를 추가하였으며, 단어 임베딩을 통해 단어 유사도 검증을 거쳐 감성 수치를 구체화하여 주식 도메인에 특화된 감성사전을 완성했습니다.

최종적으로 뉴스데이터의 긍부정을 분류해주는 정확도 94%의 감성분류모델을 기반으로 Hola 빅데이터플랫폼을 완성했습니다.",500,,10월 18일
신영증권,직면했던 어려운 문제나 실패 경험에 대해 서술해주십시오.,"▶빅데이터 분석기사 실패를 발판 삼다◀

빅데이터 분석가 교육과정을 수강하며 빅데이터 분석기사를 준비했기에 교육만으로도 시험에 도움이 된다고 생각하며 조금 안일하게 준비했습니다. 자격증은 공부하면서 배운 내용을 점검하는 용도이기 때문에 강의를 열심히 듣는 것이 곧 시험 준비라는 생각으로 문제집을 거의 보지 않았습니다. 결국, 거짓말처럼 단 한 문제 차이로 필기시험에서 떨어졌습니다. 이후 같이 준비했던 동기생들이 실기까지 수월하게 합격하는 모습을 보면서 ‘겸손’과 ‘유비무환’의 중요성을 머릿속 깊이 되새겼습니다. 

실패의 쓴맛을 보고 난 후 위기를 기회로 삼기 위해 남은 교육과정에서 매일 같이 밤 9시까지 남아서 스터디를 하며 머신러닝과 빅데이터에 대한 기본적인 지식부터 제대로 쌓으려 노력했습니다. 과정 중반에 시작했던 산학프로젝트에서는 팀장을 맡아 열정적으로 팀을 이끌며 열심히 임하였습니다. 그런 노력 끝에 수료식날 교육성적 1등으로 우수상을 받게 되는 영광을 얻을 수 있었습니다. ",500,,10월 18일
신영증권,조직에서 구성원과 있었던 갈등 해결 경험을 해결 과정을 중심으로 서술해주십시오,"▶팀의 성공을 이끌어내는 방법◀

서해최북단 백령도에서 하계 IBS훈련을 받을 때 병과 간부가 함께 훈련생으로 지냈던 경험이 있습니다. 팀원 중 보트를 머리에 얹고 갈 때 살짝 머리를 뺀다든지, 패들링을 할 때 혼자만 대충 젓는 식으로 행동하여 팀의 사기를 떨어뜨리는 인원이 있었습니다. 알고 보니 전역이 얼마 남지 않은 병장이었고 굳이 열심히 할 이유가 없어서 그렇게 행동한다는 것이었습니다. 

우선, 팀장을 맡은 저는 훈련 간에 많이 지치더라도 목소리를 제일 크게 내거나 유난히 힘들어하는 인원을 교대하는 등 솔선수범하는 모습으로 팀원들의 신뢰를 얻었습니다. 특히, 문제가 되었던 인원과는 꾸준히 대화하면서 동기부여가 될 수 있도록 노력했습니다. 사실 저도 전역이 많이 남지는 않은 터라 비슷한 처지에서 공감을 얻어냈습니다. 해당 인원은 하루하루 점차 팀에 녹아들었고, 훈련 막바지에 주어진 임무를 가장 빨리 수행하는 팀을 뽑는 최종미션에서 압도적으로 1등을 차지하여 훈련유공을 받았습니다. ",500,,10월 18일
신영증권,"증권업에 지원한 이유와 그와 관련된 자기계발, 노력, 장점 및 특기에 대해 서술해주십시오","▶흥미로운 금융데이터◀

동학개미운동을 보며 주가 분석에 관한 관심이 있었는데 ㅇ에서 뉴스 빅데이터 분석을 통한 주가 변동성 예측 프로젝트를 진행하면서 본격적으로 증권업에 관심을 가졌습니다. 또한, 금융보안원에서 주최한 금융데이터 경진대회에 참가하여 코로나 이후 신규투자자 데이터를 분석한 경험이 있습니다. 의외로 차이가 크게 날 줄 알았으나 2030 투자자들이 4050 투자자들과 비교해 유사한 투자 패턴을 보여 상당히 인상적이었습니다. 대회에 참가하며 고객데이터에서 투자 패턴을 알아보고 어떤 영향을 받아서 투자했는지 등을 분석하는 과정이 흥미롭게 느껴 더욱 관심이 갔습니다.
프로젝트 이후 꾸준히 경제 관련 뉴스를 살펴보고 주식 관련 용어를 공부하고 있습니다. 또한, 현재는 11월에 있는 KBI 금융 DT 테스트를 준비하면서 디지털 금융에 대한 기본 지식을 갖추기 위해 학습하고 있습니다. 앞으로도 꾸준히 금융 도메인 지식과 데이터 분석 능력을 키우기 위해 노력할 것입니다. ",500,,10월 18일
신영증권,자신이 최고라고 자부할 수 있는 것에 대해 서술해주십시오.,"▶검증된 데이터 리터러시◀

빅데이터의 수집부터 머신러닝 기반 활용 및 시각화까지 공부하는 ‘PBL 머신러닝 기반 빅데이터 분석가 과정’을 1등으로 수료하였습니다. 프로젝트에서 대용량 데이터를 받아 머신러닝 기반의 주가 변동성 예측 모델과 자연어처리를 활용한 뉴스 빅데이터 분석 모델을 개발한 경험은 고객데이터 분석에 도움이 될 것입니다. 또한, 인턴을 수행하며 공공데이터를 활용한 아이디어 경진대회에서 수상한 경력은 고객이 원하는 서비스를 기획할 때 이바지할 것입니다.

▶성과를 가져오는 소통력◀

학창시절부터 성인이 된 이후까지 학생회와 동아리에서 회장 및 국장을, 그리고 ROTC 자치근무자를 거쳐 해병대 장교로 임관하였습니다. 조직을 이끌면서 성과를 가져온 노하우와 소통능력은 누구보다 자신 있습니다. 항상 상대방 처지에서 생각해보고 경청하는 습관을 통해 IT 부서 전체의 시너지 효과를 불러일으켜 보겠습니다.

위와 같은 역량을 바탕으로 주도적으로 업무를 수행하는 신영증권의 핵심인재가 되겠습니다.",500,,10월 18일
이베스트투자증권,본인의 성장과정을 작성해 주십시오.,"▶최전방 통신체계를 책임지다◀

지난 2018년, 저는 해병대 장교로 임관했습니다. 그동안 여러 조직에서 리더 역할을 많이 맡았지만 확실하게 책임과 권한이 주어지는 경험은 감회가 남달랐습니다. 서해최북단 백령도에 부대 배치 후 들어간 첫 회의에서 대대장님의 훈육을 통해 느꼈던 최전방 부대의 긴장감은 시험을 치르며 느꼈던 종류의 것과는 차원이 달랐습니다.
그전까지 저는 현실과 타협하면서 적당히 지내는 학생이었습니다. 하지만 매일 저만 바라보는 소대원들과 부서 간부들, 그리고 부대에서 정보통신에 관련한 최고 책임자로 지내면서 적당히는 확실히로 바뀌었고, 맡은 일을 확실하게 책임지고 해내는 사람이 되었습니다. 대대장님이 가장 믿어주신 참모이자 수치화를 통한 데이터기반 운영과 밤낮없는 출동으로 백령도의 통신체계망 60%를 관리했고 특히, 상급부대 검열시 지적이 한 건도 없었다는 자부심이 있습니다.  이를 바탕으로 이베스트투자증권에서도 제 맡은 바 업무를 확실하게 처리할 수 있으리라 생각합니다.",500,x,10월 18일
이베스트투자증권,"자신의 성격상 장단점은 무엇이며, 장점을 극대화하고 단점을 보완하기 위하여 어떠한 노력을 하고 있는지 작성해 주십시오.","▶넘치는 열정을 조절하다◀

맡은 일이 아무리 힘들고 버거울지라도 끝까지 해내는 책임감이 가장 큰 장점입니다. ㅇ에서 산학프로젝트 팀장을 맡아 프로젝트를 이끈 경험이 있습니다. 총 10주 동안 ‘뉴스 빅데이터 분석을 통한 주가 변동성 예측’ 프로젝트를 진행하면서 후반으로 갈수록 팀원들이 많이 지쳐갔습니다. 난관이었던 자연어처리를 직접 맡아 팀원들의 사기를 끌어 올리고, 밤을 새우며 노력한 끝에 프로젝트 발표에서 1등을 차지할 수 있었습니다. 

반면 적당함을 유지하지 못하는 욕심이 많은 성격을 갖고 있기도 합니다. 목표한 바를 이루면 만족하면서 마무리를 지어야 하지만, 자꾸만 조금만 더 해보자는 식으로 욕심을 내곤 합니다. 이로 인해 무리한 운영으로 역효과를 불러일으킨 적도 있습니다. 

이를 극복하기 위해 계획한 목표를 달성하면 확실하게 맺고 끊는 것을 연습하여 다시 새로운 목표를 향해갈 수 있도록 노력하였습니다. 앞으로 목표를 책임감 있게 마무리하는 핵심인재로 성장하겠습니다.",500,x,10월 18일
이베스트투자증권,증권회사에 입사하고자 하는 이유와 증권회사 입사를 위해 지금까지 준비해 온 내용 및 그 방법에 대하여 작성해 주십시오.,"▶어려운 만큼 성취가 크다◀

동학개미운동을 보며 주가 분석에 관한 관심이 있었는데 ㅇ에서 뉴스 빅데이터 분석을 통한 주가 변동성 예측 프로젝트를 진행하면서 본격적으로 증권업에 관심을 가졌습니다. 또한, 금융보안원에서 주최한 금융데이터 경진대회에 참가하여 코로나 이후 신규투자자 데이터를 분석한 경험이 있습니다. 의외로 차이가 크게 날 줄 알았으나 2030 투자자들이 4050 투자자들과 비교해 유사한 투자 패턴을 보여 상당히 인상적이었습니다. 대회에 참가하며 고객데이터에서 투자 패턴을 알아보고 어떤 영향을 받아서 투자했는지 등을 분석하는 과정이 흥미롭게 느껴 더욱 관심이 갔습니다.
프로젝트 이후 꾸준히 경제 관련 뉴스를 살펴보고 주식 관련 용어를 공부하고 있습니다. 또한, 현재는 11월에 있는 KBI 금융 DT 테스트를 준비하면서 디지털 금융에 대한 기본 지식을 갖추기 위해 학습하고 있습니다. 앞으로도 꾸준히 금융 도메인 지식과 데이터 분석 능력을 키우기 위해 노력할 것입니다. ",500,x,10월 18일
이베스트투자증권,"자신이 지원한 부문에 가장 필요한 것을 무엇이라고 생각하며, 이것을 갖추기 위한 자신만의 노력과 경험에 대하여 작성해 주십시오.","▶검증된 데이터 리터러시◀

빅데이터의 수집부터 머신러닝 기반 활용 및 시각화까지 공부하는 ‘PBL 머신러닝 기반 빅데이터 분석가 과정’을 1등으로 수료하였습니다. 프로젝트에서 대용량 데이터를 받아 머신러닝 기반의 주가 변동성 예측 모델과 자연어처리를 활용한 뉴스 빅데이터 분석 모델을 개발한 경험은 주가데이터 분석에 도움이 될 것입니다. 또한, 인턴을 수행하며 공공데이터를 활용한 아이디어 경진대회에서 수상한 경력은 데이터를 활용한 인사이트 도출에 이바지할 것입니다.

▶성과를 가져오는 소통력◀

학창시절부터 성인이 된 이후까지 학생회와 동아리에서 회장 및 국장을, 그리고 ROTC 자치근무자를 거쳐 해병대 장교로 임관하였습니다. 조직을 이끌면서 성과를 가져온 노하우와 소통능력은 누구보다 자신 있습니다. 항상 상대방 처지에서 생각해보고 경청하는 습관을 통해 리서치 부서 전체의 시너지 효과를 불러일으켜 보겠습니다.

위와 같은 역량을 바탕으로 주도적으로 업무를 수행하는 사원이 되겠습니다.",500,x,10월 18일
이베스트투자증권,특정한 목표를 세우고 끈기 있게 실행하여 성취했던 경험이 있다면 작성해 주십시오.,"▶주식도메인 뉴스분류모델 개발◀

산학프로젝트에서 신규투자자들의 투자의사결정을 지원해주는 뉴스데이터 분류 모델을 개발했던 경험이 있습니다. 자연어처리를 공부하면서 총 33편의 선행 연구 사례를 살펴보고 개선점을 크게 3가지로 잡았습니다. 
첫째, 데이터 양의 증가
활용한 데이터의 절대량에 제한이 있던 기존 연구를 토대로, 네이버 경제뉴스에 있는 모든 언론사의 기사를 크롤링하여 약 11년치의 충분한 데이터를 확보하였습니다.
둘째, 언어적 특성 고려
저희는 문장을 앞뒤로 해석하여 문맥을 이해할 수 있는 KoBERT를 활용하여 문맥적 의미변이 및 동음이의어 구분의 문제를 해결하였습니다.
셋째, 전문화된 감성사전
증권사 리서치 자료를 포함하여 전문적인 용어를 추가하였으며, 단어 임베딩을 통해 단어 유사도 검증을 거쳐 감성 수치를 구체화하여 주식 도메인에 특화된 감성사전을 완성했습니다.

위의 과정을 거쳐 최종적으로 뉴스데이터의 긍부정을 분류해주는 정확도 94%의 감성분류모델을 만들었습니다.",500,x,10월 18일
BC카드,"목표하는 삶은 무엇이며 그것을 위해 어떠한 노력을 해왔는지 자신의 인생 스토리를 소개해 주십시오. (인턴, 공모전, 해외연수 경험은 제외)","▶사람 맞춤형 데이터 사이언티스트◀

제 꿈은 사람들을 행복하게 해주는 일을 하는 것입니다. 지금까지 많은 사람과 교류하고 어떤 조직에서 리더 역할을 맡은 이유도 저와 함께하는 사람들이 행복해지길 바라는 마음에서 나왔습니다. 특히, 데이터 분석가의 능력과 데이터 엔지니어의 능력을 모두 갖춘 사람 맞춤형 데이터 사이언티스트가 되어 사회에 도움이 되는 일을 하는 것이 목표입니다. 여러 조직생활 경험을 통해 얻은 사람에 대한 이해와 데이터를 공부하며 얻은 지식을 바탕으로 하여 사람에 대해 깊이 있게 연구하고 사람에게 도움이 되는 서비스를 만들며 보람을 느끼는 사람이 되고 싶습니다. 

BC카드에서 유능한 팀원들과 고객데이터를 분석하고 고객이 원하는 인사이트를 도출하여 서비스로 구현해내는 고객 맞춤형 데이터 사이언티스트가 된다면 제가 이루고자 하는 꿈에 현실적으로 다가갈 수 있을 것으로 생각합니다. 제 꿈을 이루기 위해 열정적인 배움의 자세로 마케팅 부서를 이끄는 핵심인재로 성장하겠습니다.",700,x,10월 19일
BC카드,BC카드에 지원하게 된 동기와 입사 후 이루고 싶은 중장기적 목표에 대해 구체적으로 기술해 주십시오. ,"▶고객을 위한 서비스 BC카드◀

ㅇㅇ에서 인턴을 수행하면서 마이데이터 사업에 관한 관심이 있었는데 ㅇㅇ에서 뉴스 빅데이터 분석을 통한 주가 변동성 예측 프로젝트를 진행하면서 고객 맞춤형 서비스를 만드는 것에 흥미를 느꼈습니다. 또한, 금융데이터 경진대회에 참가하여 신규투자자 데이터를 분석한 경험이 있습니다. 대회에 참가하며 고객데이터에서 투자 패턴을 알아보고 어떤 영향을 받아서 투자했는지 등을 분석하는 과정을 통해 고객을 데이터로 이해하고 서비스를 구현하면 고객들도 만족도가 높아질 것 같다는 생각이 들었습니다. 
BC카드는 코리아 빅데이터 어워드에서 장관상을 수상하는 등 데이터를 활용하여 사람들에게 긍정적인 영향을 끼치는 사업을 하고 있다고 생각합니다. 저도 입사 후에 지금까지 배운 데이터 관련 지식과 기술을 활용하여 고객 맞춤형 서비스를 만들어 보고 싶습니다. 특히, 자연어처리를 활용하여 새로운 서비스를 이용하기 어려운 노년층을 위한 챗봇 서비스를 기획하여 어르신들도 쉽게 서비스를 접할 수 있는 BC카드를 만들어 보겠습니다.",700,x,10월 19일
BC카드,도전적인 목표를 가지고 실행한 경험과 그 경험을 통해 무엇을 얻었는지 기술해 주십시오.,"▶주식도메인 뉴스분류모델 개발◀

산학프로젝트에서 신규투자자들의 투자의사결정을 지원해주는 뉴스데이터 분류모델을 개발했던 경험이 있습니다. 당시, 자연어처리는 교육과정에 없어서 10주라는 기간 내에 자연어처리를 기반으로 서비스를 구현해내기 위해서는 촉박한 시간이었습니다. 따라서, 스프린트 계획을 세울 때 이를 고려하여 작성하였고, 총 33편의 선행 연구 사례를 살펴보고 개선점을 크게 3가지로 잡아서 진행했습니다. 
첫째, 데이터 양의 증가
활용한 데이터의 절대량에 제한이 있던 기존 연구를 토대로, 네이버 경제뉴스에 있는 모든 언론사의 기사를 크롤링하여 약 11년치의 충분한 데이터를 확보하였습니다.
둘째, 언어적 특성 고려
저희는 문장을 앞뒤로 해석하여 문맥을 이해할 수 있는 KoBERT를 활용하여 문맥적 의미변이 및 동음이의어 구분의 문제를 해결하였습니다.
셋째, 전문화된 감성사전
증권사 리서치 자료를 포함하여 전문적인 용어를 추가하였으며, 단어 임베딩을 통해 단어 유사도 검증을 거쳐 감성 수치를 구체화하여 주식 도메인에 특화된 감성사전을 완성했습니다.

최종적으로 뉴스데이터의 긍부정을 분류해주는 정확도 94%의 감성분류모델을 기반으로 Hola 빅데이터플랫폼을 완성했습니다.",700,x,10월 19일
BC카드,"공동의 목표 달성을 위한 협업 경험을 본인이 수행한 역할 중심으로 제시하고, 해당 경험을 통해 무엇을 얻었는지 기술해 주십시오.","▶최전방 통신체계를 책임지다◀

지난 2018년, 저는 해병대 장교로 임관했습니다. 그동안 여러 조직에서 리더 역할을 많이 맡았지만 확실하게 책임과 권한이 주어지는 경험은 감회가 남달랐습니다. 서해최북단 백령도에 부대 배치 후 들어간 첫 회의에서 대대장님의 훈육을 통해 느꼈던 최전방 부대의 긴장감은 시험을 치르며 느꼈던 종류의 것과는 차원이 달랐습니다.
그전까지 저는 현실과 타협하면서 적당히 지내는 학생이었습니다. 하지만 매일 저만 바라보는 소대원들과 부서 간부들, 그리고 부대에서 정보통신에 관련한 최고 책임자로 지내면서 적당히는 확실히로 바뀌었고, 맡은 일을 확실하게 책임지고 해내는 사람이 되었습니다. 대대장님이 가장 믿어주신 참모이자 수치화를 통한 데이터기반 운영과 밤낮 없는 출동으로 백령도의 통신체계망 60%를 관리했고 특히, 상급부대 검열시 지적이 한 건도 없었다는 자부심이 있습니다.  
무엇보다도 최전방부대에서 인사, 군수, 정보 등의 타부서와 국가 수호를 위해서 노력했던 경험으로 목표를 달성하기 위해 조직을 어떤 식으로 이끌어 가야하는지를 배울 수 있었습니다. 이를 바탕으로 BC카드에서도 제 맡은 바 업무를 확실하게 처리할 수 있으리라 생각합니다.",700,x,10월 19일
BC카드,"지원한 직무를 수행하기 위해 필요한 핵심역량은 무엇이라고 생각하며, 그 이유에 대해 설명해 주십시오. 또한 해당 역량을 갖추기 위해 본인이 어떤 노력을 하였는지 기술해 주십시오.","▶1등으로 수료한 빅데이터 분석가 과정◀

빅데이터 플랫폼을 활용한 수집, 저장, 처리, 분석까지의 과정과 머신러닝 기반 활용 및 시각화를 교육하는 ‘PBL 머신러닝 기반 빅데이터 분석가 과정’을 1등으로 수료하였습니다. 교육과정에서 부반장을 맡아 매일 아침 IT 관련 뉴스를 정리해서 공유하고, 밤늦게까지 남아서 배운 내용을 스터디 멤버들과 서로 가르쳐주는 방식으로 과정에 임했습니다.
이 과정을 통해 빅데이터에 대한 이해가 높아졌을 뿐만 아니라 요구사항을 도출해내는 기획부터 개발자들이 어떤 식으로 협업하는지 알 수 있었고 특히, 최종프로젝트에서 사용자의 요구사항에 집중한 서비스 구현과 발표구성으로 발표 1등을 이뤄낸 경험은 좋은 밑거름이 될 것입니다


▶ 학생 목소리에 집중한 정책으로 참여율 70% 달성◀

학생회를 운영하며 학과생들의 행사 참여율을 높이기 위해서 노력한 경험이 있습니다. 당시, 기존 전년도 학생회에서 행사를 진행하면 30%대의 저조한 참여율을 보였습니다. 따라서 적어도 학과생의 50%는 참여하도록 하는 것이 저희의 목표였습니다. 
학과생들을 대상으로 설문조사를 진행하고 이를 토대로 학과장님께 취업 고민을 해결할 방법을 토의하여 학과 최초로 진로 모색 박람회 콘셉트의 ‘영문인의 날’이라는 행사를 기획하였습니다. 행사는 90%에 가까운 행사 참여율을 보였고, 그 이후 행사들에서도 최소 70% 참여율을 유지할 수 있었습니다. 이처럼 항상 상대방 처지에서 생각해보고 경청하는 습관을 통해 고객이 원하는 서비스를 만들겠습니다.",800,x,10월 19일
코웨이,"나는 어떠한 사람이며, 코웨이 입사가 본인에게 어떤 의미를 부여할 것인지 서술해 주시기 바랍니다. ","▶사람을 좋아하는 사람◀

어릴 적부터 사람들과 어울리는 것을 참 좋아했던 저는 자칭 ‘사람전문가’로 성장하였습니다. 학창시절부터 성인이 된 이후까지 반장이나 회장 같은 자리를 맡아 리더 역할을 많이 했었는데 남들을 이끌어간다는 것은 사실 ‘권한’처럼 멋있어 보이는 단어보다는 ‘책임’의 무게가 훨씬 무겁다는 것을 깨달았습니다. 책임의 무게를 견뎌내며 쌓은 다양한 경험은 지금의 저라는 사람을 만들었습니다.

또한, 제 꿈은 사람들을 행복하게 해주는 일을 하는 것입니다. 지금까지 많은 사람과 교류하고 어떤 조직에서 리더 역할을 맡은 이유도 저와 함께하는 사람들이 행복해지길 바라는 마음에서 나왔습니다. 특히, 데이터 분석가의 능력과 데이터 엔지니어의 능력을 모두 갖춘 사람 맞춤형 데이터 사이언티스트가 되어 사회에 도움이 되는 일을 하는 것이 목표입니다. 여러 조직생활 경험을 통해 얻은 사람에 대한 이해와 데이터를 공부하며 얻은 지식을 바탕으로 하여 사람에 대해 깊이 있게 연구하고 사람에게 도움이 되는 서비스를 만들며 보람을 느끼는 사람이 되고 싶습니다. 

Best Life Solution을 제공하는 코웨이에서 유능한 팀원들과 고객이 원하는 인사이트를 도출하여 IT서비스로 구현해내는 고객 맞춤형 IT 운영을 끌어낸다면 제가 이루고자 하는 꿈에 현실적으로 다가갈 수 있을 것으로 생각합니다. 제 꿈을 이루기 위해 열정적인 배움의 자세로 IT 부서를 이끄는 핵심인재로 성장하겠습니다.",800,,10월 21일
코웨이,코웨이 신입사원 인재상인 4C를 참고하여 본인이 부합하는 인재라 할 수 있는 역량과 그와 관련된 경험을 서술해 주시기 바랍니다.,"▶인턴 대회 3관왕◀

ㅇㅇ에서 공공데이터 인턴을 수행하며 인턴들을 대상으로 대회가 총 3개 열렸습니다. 행정안전부에서 열린 카드뉴스 공모전과 언택트 해커톤 그리고 농촌진흥청에서 열린 아이디어 경진대회였습니다. 당시 인턴 동기들에게 대회에 나가보자고 제안을 하였고, 팀을 꾸려 대회에 참가하였습니다. 생각보다 힘들었던 점은 바로 팀원들과의 협업이었습니다. 팀원들의 스킬을 확실히 알아야 하는 것뿐만 아니라 회의를 하면 팀원들의 의견 제시가 매우 저조했기 때문에 진행이 더뎠습니다. 하지만, 하루하루 팀원들과 친해지며 개인의 장점을 살린 역할 분배와 개인 사정을 알 정도로 친해져 스케쥴 관리에도 문제가 없도록 하여 원만하게 프로젝트를 이끌어 갔습니다. 
결론적으로 카드뉴스 공모전에서는 청년의 니즈를 반영한 ‘청년 맞춤형 정책알리미 서비스’를 기획하였고, 언택트 해커톤에서는 뉴스를 찾아보면서 우리나라가 유네스코 무형유산위원국으로 당선된 배경에 기반하여 ‘무형문화재 대중화 프로젝트’를 기획하여 100팀이 넘는 예선을 통과해 본선에 진출하였습니다. 농촌진흥청 대회에서는 당시 시행에 어려움을 겪던 퇴비부숙도와 관련하여 ‘퇴비부숙도 관리 앱’ 기획하여 3등상을 수상하였습니다. 이처럼 입사 후에 데이터를 활용한 남들과 다른 시선으로 인사이트를 도출하여 IT 종합 솔루션을 기획하는 주도적인 사원이 될 것입니다.",800,,10월 21일
코웨이,전략적 사고를 통해 문제를 해결한 경험과 그 과정을 서술해 주시기 바랍니다. ,"▶최전방 통신체계를 책임지다◀

지난 2018년, 저는 해병대 장교로 임관했습니다. 그동안 여러 조직에서 리더 역할을 많이 맡았지만 확실하게 책임과 권한이 주어지는 경험은 감회가 남달랐습니다. 서해최북단 백령도에 부대 배치 후 들어간 첫 회의에서 대대장님의 훈육을 통해 느꼈던 최전방 부대의 긴장감은 시험을 치르며 느꼈던 종류의 것과는 차원이 달랐습니다.

특히, 해안과 근접한 특성으로 인해 통신망과 감시장비의 고장이 잦았으나, 해야 할 일에 비해 가용 가능한 인원이 너무 부족했습니다. 적재적소에 인원을 현장에 투입하고 내부적인 문제도 해결하기 위해서는 철저한 일정 관리와 인원 관리가 필수였습니다. 각종 통신장비와 체계들은 같은 원인으로 문제가 생기기보다는 다른 원인으로 발생하였고, 매번 맞닥뜨리는 새로운 문제들을 해결하기 위해서 부서 간부들과 자주 소통하고 소대원들의 의견을 자주 수렴하여 탄력적이고 유연하게 대처해나갔습니다. 항상 최선의 결정을 내리기 위해서 현장을 직접 발로 뛰고, 업무시간 이후에도 부서 운용계획을 세우느라 개인적인 여유가 전혀 없었지만 그런데도 버틸 수 있었던 것은 믿고 의지할 수 있는 소대원들이 있었기 때문이었습니다. 

결국, 대대장님이 가장 믿어주신 참모이자 수치화를 통한 데이터 기반의 효율적인 운영과 다른 참모 부서와의 원활한 소통으로 백령도의 통신체계망 60%를 관리했고 특히, 상급부대 검열 시 지적이 한 건도 없었다는 자부심이 있습니다. 이를 바탕으로 코웨이에서도 제 맡은 바 업무를 확실하게 처리할 수 있으리라 생각합니다.",800,,10월 21일
코웨이,지원 분야의 필요역량을 키우기 위해 준비한 과정과 어떤 노력을 했는지 등 적합하다고 판단할 수 있는 근거를 서술해 주시기 바랍니다.,"▶1등으로 수료한 빅데이터 분석가 과정◀

빅데이터 플랫폼을 활용한 수집, 저장, 처리, 분석까지의 과정과 머신러닝 기반 활용 및 시각화를 교육하는 ‘PBL 머신러닝 기반 빅데이터 분석가 과정’을 1등으로 수료하였습니다. 교육과정에서 부반장을 맡아 매일 아침 IT 관련 뉴스를 정리해서 공유하고, 밤늦게까지 남아서 배운 내용을 스터디 멤버들과 서로 가르쳐주는 방식으로 하루 12시간씩 투자해가며 부족한 부분을 채워가며 과정에 누구보다 열심히 임했습니다. 
결국, 이 과정을 통해 빅데이터에 대한 이해가 높아졌을 뿐만 아니라 요구사항을 도출해내는 기획부터 개발자들이 어떤 식으로 협업하는지 알 수 있었고 특히, 최종프로젝트에서 사용자의 요구사항에 집중한 서비스 구현과 발표구성으로 발표 1등을 이뤄낸 경험은 IT 프로젝트를 수행하는 데 도움이 될 것입니다


▶ 학생 목소리에 집중한 정책으로 참여율 70% 달성◀

학생회를 운영하며 학과생들의 행사 참여율을 높이기 위해서 노력한 경험이 있습니다. 당시, 기존 전년도 학생회에서 행사를 진행하면 보통 학생회와 친한 몇몇 인원들만 참석하여 30%대로 저조한 참여율이었습니다. 따라서 적어도 학과생의 50%는 참여하도록 하는 것이 저희의 목표였습니다. 먼저, 구글 설문지를 작성하여 주 참여자인 1학년과 2학년 학생 140명을 대상으로 설문조사를 진행하였고 행사가 흥미롭지 않다는 이유 때문이라는 것을 파악하게 되었습니다. 
또한, 학과에 대한 소속감이 없다는 결과가 50%가 넘은 이유가 취업과 관련해서 고민이 많기 때문이라는 것을 도출해냈습니다. 이를 토대로 학과장님께 취업 고민을 해결할 방법을 토의하여 학과 최초로 진로 모색 박람회 콘셉트의 ‘영문인의 날’이라는 행사를 기획하였습니다. 행사는 안 온 사람을 찾아보기 힘들 정도로 90%에 가까운 행사 참여율을 보였고, 그 이후 행사들에서도 최소 70% 참여율을 유지할 수 있었습니다. 이처럼 상대의 처지에서 생각하는 과정을 통해 비즈니스 요구사항을 파악하고 프로젝트를 개선하는 데 일조하겠습니다.",1000,,10월 21일
동화기업,본인의 성장과정을 작성해 주시길 바랍니다.,"▶최전방 통신체계를 책임지다◀

지난 2018년, 저는 해병대 장교로 임관했습니다. 그동안 여러 조직에서 리더 역할을 많이 맡았지만 확실하게 책임과 권한이 주어지는 경험은 감회가 남달랐습니다. 서해최북단 백령도에 부대 배치 후 들어간 첫 회의에서 대대장님의 훈육을 통해 느꼈던 최전방 부대의 긴장감은 시험을 치르며 느꼈던 종류의 것과는 차원이 달랐습니다.
그전까지 저는 현실과 타협하면서 적당히 지내는 학생이었습니다. 하지만 매일 저만 바라보는 소대원들과 부서 간부들, 그리고 부대에서 정보통신에 관련한 최고 책임자로 지내면서 적당히는 확실히로 바뀌었고, 맡은 일을 확실하게 책임지고 해내는 사람이 되었습니다. 대대장님이 가장 믿어주신 참모이자 수치화를 통한 데이터기반 운영과 밤낮없는 출동으로 백령도의 통신체계망 60%를 관리했고 특히, 상급부대 검열시 지적이 한 건도 없었다는 자부심이 있습니다. 이를 바탕으로 동화기업에서도 제 맡은 바 업무를 확실하게 처리할 수 있으리라 생각합니다.",500,,10월 22일
동화기업,동화에 관심을 갖게 된 계기와 지원하신 이유와 지원하신 직무를 맡아 앞으로 동화에서 어떻게 성장하고 싶은지 작성해주시길 바랍니다.,"▶소비자가 인정한 기업, 동화◀

학부시절, 브랜딩에 대한 관심으로 한국소비자포럼에서 진행하는 팀화이트라는 대외활동을 했던 경험이 있습니다. 매주 브랜드에 대해서 공부하고, 밤을 새가며 열정적으로 브랜드 콘서트를 준비하며 화이트 컨슈머가 되기 위해서 했던 노력은 지금도 잊을 수가 없습니다. 그 이후 브랜드 고객충성도 대상을 받는 기업들을 살펴보곤 했는데 다소 생소했던 목질 바닥재부문에서 동화기업이 1위를 차지하는 것을 보면서 관심을 두게 되었습니다. 

동화기업에 입사하여 사람들을 행복하게 해주는 일을 하고 싶습니다. 특히, 데이터 분석가의 능력과 데이터 엔지니어의 능력을 모두 갖춘 사람 맞춤형 데이터 사이언티스트가 되어 사회에 도움이 되는 일을 하는 것이 목표입니다. 앞으로 친환경 목재 등 동화기업 관련 도메인 지식을 열심히 공부하고, 신기술에 기반한 데이터분석 지식을 바탕으로 하여 사람에 대해 깊이 있게 연구하고 사람에게 도움이 되는 제품을 만들며 보람을 느끼는 사람이 되고 싶습니다. ",500,,10월 22일
동화기업,"지원하신 직무를 잘 수행하기 위해 본인이 노력한 경험 (학업, 인턴 경험, 대외활동 경험, 개인적인 노력 등)에 대해서 작성해주시길 바랍니다.","▶검증된 데이터 리터러시◀

빅데이터의 수집부터 머신러닝 기반 활용 및 시각화까지 공부하는 ‘PBL 머신러닝 기반 빅데이터 분석가 과정’을 1등으로 수료하였습니다. 프로젝트에서 대용량 데이터를 받아 머신러닝 기반의 주가 변동성 예측 모델과 자연어처리를 활용한 뉴스 빅데이터 분석 모델을 개발한 경험은 비즈니스데이터 분석에 도움이 될 것입니다. 또한, 인턴을 수행하며 공공데이터를 활용한 아이디어 경진대회에서 수상한 경력은 고객이 원하는 서비스를 기획할 때 이바지할 것입니다.

▶성과를 가져오는 소통력◀

학창시절부터 성인이 된 이후까지 학생회와 동아리에서 회장 및 국장을, 그리고 ROTC 자치근무자를 거쳐 해병대 장교로 임관하였습니다. 조직을 이끌면서 성과를 가져온 노하우와 소통능력은 누구보다 자신 있습니다. 항상 상대방 처지에서 생각해보고 경청하는 습관을 통해 디지털 부서 전체의 시너지 효과를 불러일으켜 보겠습니다.

위와 같은 역량을 바탕으로 주도적으로 업무를 수행하는 사원이 되겠습니다.",500,,10월 22일
동화기업,"동화의 주요가치(자율, 협업, 변혁, 윤리, 안전)를 실천한 경험을 설명해주십시오. 1.자율
어려움 속에서도 현실과 타협하지 않고, 본인이 주도적으로 목표를 수립하고
이를 달성하기 위해 노력했던 경험에 대해 서술해주십시오.
(*목표 수립 당시의 어려움, 본인 스스로 목표를 수립한 과정, 자기 힘으로 목표를 달성한 과정과 결과로 구분)","▶주식도메인 뉴스분류모델 개발◀

산학프로젝트에서 신규투자자들의 투자의사결정을 지원해주는 뉴스데이터 분류 모델을 개발했던 경험이 있습니다. 가장 큰 문제는 모델을 만들기 위해서는 자연어처리 지식이 기반이 되어야 하는데 교육과정에는 없었기에 스스로 공부해야 했습니다. 팀원들이 선뜻 자연어처리를 맡기를 꺼려 제가 직접 역할을 맡아 공부하면서 총 33편의 선행 연구 사례를 살펴보고 개선점을 개선해가는 방향으로 모델을 구현했습니다. 

우선, 문장을 앞뒤로 해석하여 문맥을 이해할 수 있는 KoBERT를 활용하여 문맥적 의미변이 및 동음이의어 구분의 문제를 해결하였습니다. 증권사 리서치 자료를 포함하여 전문적인 용어를 추가하고, 단어 임베딩을 통해 단어 유사도 검증을 거쳐 감성 수치를 구체화하여 주식 도메인에 특화된 감성사전을 완성했습니다.

최종적으로 뉴스데이터의 긍부정을 분류해주는 정확도 94%의 감성분류모델을 기반으로 Hola 빅데이터플랫폼을 완성했습니다.",500,,10월 22일
동화기업,"협업
공동의 목표를 위해 다른 사람과 협업했던 경험 중에서, (나와 성격, 가치관 등이) 다른 사람과의 마찰을 피하지 않고
불일치하는 의견을 이야기하고 갈등 상황을 극복하여 공동의 목표를 달성한 경험을 서술해주십시오.
(공동의 목표, 팀의 구성원, 구성원 간 의견 차이의 원인과 구체적 내용, 갈등의 해결 과정 및 결과로 구분)","▶팀의 성공을 이끌어내는 방법◀

서해최북단 백령도에서 하계 IBS훈련을 받을 때 병과 간부가 함께 훈련생으로 지냈던 경험이 있습니다. 팀원 중 보트를 머리에 얹고 갈 때 살짝 머리를 뺀다든지, 패들링을 할 때 혼자만 대충 젓는 식으로 행동하여 팀의 사기를 떨어뜨리는 인원이 있었습니다. 알고 보니 전역이 얼마 남지 않은 병장이었고 굳이 열심히 할 이유가 없어서 그렇게 행동한다는 것이었습니다. 

우선, 팀장을 맡은 저는 훈련 간에 많이 지치더라도 목소리를 제일 크게 내거나 유난히 힘들어하는 인원을 교대하는 등 솔선수범하는 모습으로 팀원들의 신뢰를 얻었습니다. 특히, 문제가 되었던 인원과는 꾸준히 대화하면서 동기부여가 될 수 있도록 노력했습니다. 사실 저도 전역이 많이 남지는 않은 터라 비슷한 처지에서 공감을 얻어냈습니다. 해당 인원은 하루하루 점차 팀에 녹아들었고, 훈련 막바지에 주어진 임무를 가장 빨리 수행하는 팀을 뽑는 최종미션에서 압도적으로 1등을 차지하여 훈련유공을 받았습니다. ",500,,10월 22일
동화기업,"변혁
고객 중심적 관점에서 대담한 목표를 설정하고, 새로운 관점과 방식으로 접근하여
문제를 해결하였거나, 의미 있는 실패를 통해 학습 하였던 경험을 서술해주십시오.
(기존의 관점과 다른 새로운 관점, 문제해결 방식, 실패 경험으로부터 무엇을 배웠는지 구체적으로 설명)","▶고객 만족을 지속시키는 방법◀

학부시절 브랜딩 관련 대외활동인 팀화이트로 활동하면서 '지속가능한 고객 만족이 가능한가?'라는 주제의 프레젠테이션 배틀에 참가하였습니다. 저희 팀은 고객의 마음속으로 들어가보자는 마인드로 팀명을 ‘인사이드’로 정하여 철저하게 고객의 관점에서 기업과 브랜드를 바라보고자 했습니다. 
우선, 치열한 경쟁을 뚫고 1등이 될 수 있었던 사례들을 조사했습니다. 주변에서 쉽게 접할 수 있는 노래로 접근을 하여 매년 벚꽃이 피는 봄이 오면 어김없이 나타나는 ‘벚꽃엔딩’이 떠올랐습니다. 벚꽃엔딩은 항상 1위는 아니지만 순위를 벗어난 유일 무이한 존재, ‘Only one’이기 때문에 지속적인 만족이 가능하다고 생각했고, 이를 토대로 본선에 진출할 수 있었습니다.
본선에서는 Only one에서 더 나아가 존재가치는 변하지 않지만 고객들에게 다가가는 방법에 변화를 준 모습들로 마음이 떠났던 고객을 다시 매혹시켜야 한다는 내용으로 ‘고객을 향하는 독자적인 가치’를 강조하여 결국 우수상을 받을 수 있었습니다. ",500,,10월 22일
OK금융그룹,OK금융그룹에 지원한 이유와 OK금융그룹에서 이루고 싶은 본인의 꿈과 비전을 구체적으로 기술해 주세요.,"▶매력OK, 지원OK◀
 
OK금융그룹은 제게 크게 3가지가 매력적으로 다가왔습니다.
 
첫 번째, 친근함입니다.
OK금융그룹에 관심을 두게 된 것은 우연히 보게 된 읏맨 광고에서부터였습니다. 처음엔 조금 특이하다고만 생각했는데 평소 이야기할 때 ‘ok’라는 말이 나오면 무의식적으로 ‘금융그룹~’하고 떠올라 그 영향력을 체감했고, 읏맨 이야기가 책으로 나오는 등 고객들에게 콘텐츠로 친근하게 다가가는 방식이 신선했습니다.
 
두 번째, 원팀 문화를 가지고 있습니다.
‘ONE TEAM 8 Spirits’는 조직을 우선시하는 제 가치관과 부합한다고 느꼈습니다. 지금까지 유튜브나 뉴스를 통해서 본 모습은 회장님이 ‘원팀’을 강조하고, 자연스레 사원들이 따라가는 모습이 인상적이었습니다. 또한, 이런 원팀 문화는 성공적인 디지털 전환을 위해서 중요한 부분이라고 생각합니다.

세 번째, 꿈을 이룰 수 있는 현실적인 목표입니다.
제 꿈은 사람들을 행복하게 해주는 일을 하는 것입니다. 입사후에 유능한 팀원들과 데이터분석을 기반으로 고객이 원하는 인사이트를 도출하여 서비스로 구현해내는 고객 맞춤형 데이터 사이언티스트가 된다면 제 꿈을 현실적으로 이룰 수 있을 것입니다.",600,,10월 24일
OK금융그룹,본인이 지원하는 직무를 수행하기 위해 어떤 준비와 경험을 해왔는지 기술해 주세요. ,"▶성장하는 데이터 리터러시◀

빅데이터의 수집부터 머신러닝 기반 활용 및 시각화까지 공부하는 ‘PBL 머신러닝 기반 빅데이터 분석가 과정’을 1등으로 수료하였습니다. 최종 프로젝트로 진행한 ‘뉴스 빅데이터 분석을 통한 주가 변동성 예측’에서 대용량 데이터를 받아 머신러닝 기반의 주가 변동성 예측 모델과 자연어처리를 활용한 뉴스 빅데이터 분석 모델을 개발하여 주린이를 위한 Hola Platform 서비스를 만든 경험은 금융 플랫폼을 기획하는 데 도움이 될 것입니다. 또한, 공공데이터 인턴을 수행하며 공공데이터를 활용한 아이디어 경진대회에서 수상한 경력은 고객이 원하는 서비스를 기획할 때 이바지할 것입니다.

▶성과를 가져오는 소통력◀

학창시절부터 성인이 된 이후까지 학생회와 동아리에서 회장 및 국장을, 그리고 ROTC 자치근무자를 거쳐 해병대 장교로 임관하였습니다. 조직을 성공적으로 이끌면서 성과를 가져온 노하우와 소통능력은 누구보다 자신 있습니다. 항상 상대방 처지에서 생각해보고 경청하는 습관을 통해 디지털금융 부서 전체의 시너지 효과를 불러일으켜 보겠습니다.

위와 같은 역량을 바탕으로 주도적으로 업무를 수행하는 팀원이 되겠습니다.",600,,10월 24일
OK금융그룹,"본인이 살아오면서 겪은 성공 및 실패 경험은 무엇이며, 그 경험을 통해 얻게 된 교훈과 느낀 점은 무엇인지 기술해 주세요.","▶빅데이터 분석기사 실패를 발판 삼다◀

빅데이터 분석가 교육과정을 수강하며 마침 새롭게 생긴 빅데이터 분석기사를 같이 준비했습니다. 다만, 과정에서 배우는 교육만으로도 시험에 도움이 될 것으로 생각하며 조금 안일하게 준비했습니다. 결국, 거짓말처럼 단 한 문제 차이로 필기시험에서 떨어졌습니다. 필기시험 발표 날, 같이 준비했던 동기들과 함께 결과를 보던 순간은 아직도 생생하게 남아있습니다. 그 이후, 필기시험에 통과한 동기들이 실기까지 수월하게 합격하는 모습을 보면서 ‘절심함’과 ‘유비무환’의 중요성을 머릿속 깊이 되새겼습니다. 

실패의 쓴맛을 보고 난 후 남은 교육과정에서 매일 같이 밤 9시까지 남아서 스터디와 프로젝트에 누구보다 열심히 임하였고, 모르는 것이 있으면 주변 동기들한테 매일 물어보며 지냈습니다. 교육과정 후반에는 산학프로젝트 팀장을 맡아 적극적인 애자일 방식의 운영과 수시로 의사소통하며 부족한 점을 피드백한 결과 팀의 발표 1등을 이끌 수 있었고, 수료식 날 교육성적 우수상을 받는 영광을 이뤄냈습니다.

이를 통해 작은 실패에 좌절하지 않고 좀 더 보완하여 절실히 부딪히면 얼마 남지 않은 큰 성공에 다다를 수 있다는 것을 깨달았습니다. ",600,,10월 24일
OK금융그룹,OK금융그룹이 왜 지원자를 채용해야하는지 자유롭게 기술해 주세요. ,"▶MZ세대를 대표하는 고객◀

동학개미운동을 보며 자산 관리와 재테크에 관한 관심이 있었는데 한양대 산학원에서 뉴스 빅데이터 분석을 통한 주가 변동성 예측 프로젝트를 진행하면서 본격적으로 금융권에 관심을 두게 되었습니다. 또한, 금융보안원에서 주최한 금융데이터 경진대회에 참가하여 신규투자자 데이터를 분석하고, 책을 보며 디지털 전환을 공부하는 등 금융권에 대한 도메인 지식을 쌓아가고 있습니다.

그뿐만 아니라 가상자산, 메타버스 등 신기술 트렌드에 가장 관심이 많은 고객입니다. 누구보다도 고객의 관점에서 MZ세대가 무엇을 원하고 필요로 하는지 인사이트를 도출해낼 자신이 있습니다.

▶최전방을 지킨 책임감◀

지난 2018년, 저는 해병대 장교로 임관했습니다. 서해최북단 백령도에서 대대장님이 가장 믿어주신 참모이자 수치화를 통한 데이터기반 운영과 밤낮 없는 출동으로 백령도의 통신체계망 60%를 관리했고 특히, 상급부대 검열 시 지적이 한 건도 없었다는 자부심이 있습니다. 

남다른 책임감과 고객기반 인사이트를 바탕으로 OK금융그룹의 차세대 전산 시스템의 이해가 높은 디지털 핵심인재이자, 무한 긍정 해결사인 읏맨처럼 고객을 위한 한 명의 읏맨이 되고 싶습니다.",600,,10월 24일
우리카드,우리카드가 속한 산업 생태계는 급속한 변화가 이루어지고 있습니다. 이에 대응하기 위해서는 새로운 관점으로 현상을 바라보는 시각이 필요합니다. 귀하께서 새로운 관점으로 기존 문제를 해결한 경험과 이 사건이 가장 기억에 남는 이유 마지막으로 본인의 가치관에 어떠한 영향을 주었는지 자유롭게 기술하여 주시기 바랍니다.,"▶ 학생 목소리에 집중한 정책으로 참여율 70% 달성 ◀

학부 시절 저희 학과는 같은 단과대학 내의 다른 학과들에 비해서 잘 뭉치지 못한다는 소리를 자주 들어 학생회장이었던 저에겐 큰 고민이었습니다. 당시, 기존 전년도 학생회에서 행사를 진행하면 보통 학생회와 친한 몇몇 인원들만 참석하여 30%대로 저조한 참여율을 보였습니다. 따라서 적어도 학과생의 50%는 참여율을 달성하는 것을 목표를 세웠습니다.

무엇보다도 학생들의 생각을 알아보는 것이 먼저라고 판단하여 구글 설문지를 작성하고 주 참여자인 1학년과 2학년 학생 140명을 대상으로 설문 조사를 진행하였습니다. 또한, 직접 학생회 임원들에게 총 6개의 전공 수업에서 만나는 학생들에게 학생회에 바라는 점을 물어봐달라고 했습니다. 

그 결과 불참 이유는 행사가 흥미롭지 않다는 점과 자신의 일정과 겹쳤던 점이라고 응답한 것을 확인하였고, 학과 소속감을 묻는 문항을 통해 학과에 대한 소속감이 없다는 결과가 50%가 넘은 이유가 취업과 관련해서 고민이 많기 때문이라는 것을 도출해냈습니다. 

이를 토대로 학과장님께 취업 고민을 해결할 방법을 토의했습니다. 설문결과와 토의내용을 바탕으로 학과 최초로 ‘영문인의 날’이라는 행사를 기획하였습니다. ‘영문인의 날’ 행사는 안 온 사람을 찾아보기 힘들 정도로 90%에 가까운 행사 참여율을 보였고, 그 이후 행사들에서도 최소 70% 참여율을 유지할 수 있었습니다.

이로써 문제를 해결하기 위해서는 본질적인 부분부터 제대로 알아가는 과정이 필요하며 원인 없는 결과를 없다는 것을 깨달았습니다. ",800,,10월 25일
우리카드,귀하가 우리카드에 왜 입사하여야 하는지 그리고 입사하기 위해 준비한 노력과 역량에 대하여 기술하여 주시기 바랍니다. 이에 더하여 입사 후 본인이 꿈꾸는 우리카드 생활에 대하여 자유롭게 기술하여 주시기 바랍니다.,"▶ 성장하는 데이터 리터러시 ◀

빅데이터의 수집부터 머신러닝 기반 활용 및 시각화까지 공부하는 ‘PBL 머신러닝 기반 빅데이터 분석가 과정’을 1등으로 수료하였습니다. 최종 프로젝트로 진행한 ‘뉴스 빅데이터 분석을 통한 주가 변동성 예측’에서 대용량 데이터를 받아 머신러닝 기반의 주가 변동성 예측 모델과 자연어처리를 활용한 뉴스 빅데이터 분석 모델을 개발하여 주린이를 위한 Hola Platform 서비스를 만든 경험은 금융 플랫폼을 기획하는 데 도움이 될 것입니다. 또한, 공공데이터 인턴을 수행하며 공공데이터를 활용한 아이디어 경진대회에서 수상한 경력은 고객이 원하는 서비스를 기획할 때 이바지할 것입니다.

▶ 성과를 가져오는 소통력 ◀

학창시절부터 성인이 된 이후까지 학생회와 동아리에서 회장 및 국장을, 그리고 ROTC 자치근무자를 거쳐 해병대 장교로 임관하였습니다. 조직을 성공적으로 이끌면서 성과를 가져온 노하우와 소통능력은 누구보다 자신 있습니다. 항상 상대방 처지에서 생각해보고 경청하는 습관을 통해 디지털 부서 전체의 시너지 효과를 불러일으켜 보겠습니다.

위에서 말씀드린 꾸준히 쌓아온 AI기반 빅데이터 역량을 바탕으로 마이데이터를 활용하여 항상 고객의 입장에서 고객의 돈과 시간을 지켜주는 진정한 고객맞춤형 서비스를 구현해내는 데 최선을 다하겠습니다.",800,,10월 25일
우리카드,"MZ세대는 이전과는 다른 방식으로 금융산업의 판을 흔들고 있으며, 다수의 기업들이 이를 주목하고 있습니다. 귀하가 스스로 정의하는 MZ세대란 무엇이며, 어떠한 특징을 가지고 있기에 각종 산업의 화두로 떠오르고 있는지 기술해 주시기 바랍니다. 이와 더불어 우리카드가 MZ세대가 선호하는 기업이 되기위해서 필요한 요소가 무엇인지 자유롭게 기술해 주시기 바랍니다.","▶ 합리적인 디지털 주도 세대 ◀

제가 생각하는 MZ세대는 어렸을때부터 컴퓨터를 다루고 스마트폰을 받아들이는데 있어서 전혀 거부감이 없었던 디지털에 굉장히 익숙한 세대이자, 무한 경쟁 시대의 소용돌이에서 살아왔기에 상대적으로 무엇이 합리적인 선택인지 고민하고 결정하면서 망설임이 없습니다. 이는 금융 서비스로 생각해보면 자신에게 맞는 서비스를 찾기 위해서 다양한 서비스를 접해보고 가장 자신에게 도움이 되는 서비스를 선택하는 것뿐만 아니라 만약 자신에게 더 좋다고 생각되는 새로운 서비스가 나온다면 하루아침에 서비스를 바꾸는 경향을 지니고 있다는 것을 의미합니다. 그만큼 디지털 서비스를 별다른 어려움 없이 잘 받아들이고, 시기적으로 경제활동의 주축이 되어가는 세대이니만큼 자신의 자산을 과감히 투자하는 모습도 보여줍니다. 그런 점에서 디지털 전환이 생존에 직접적인 영향을 미치는 금융권에서는 디지털 문화를 주도하는 MZ세대를 예의주시할 수밖에 없습니다. 

우리카드가 MZ세대가 선호하는 기업이 되기 위해서는 소통이 우선시되어야 한다고 생각합니다. 딱딱하고 보수적인 분위기가 강한 금융권에서 다양한 시도를 통해 MZ세대와 소통하려는 모습을 보여준다면 합리적인 그들로서는 고려대상에 둘 확률이 상당히 높아진다고 생각합니다. 하루가 다르게 빠르게 변화하는 요즘은 새로운 트렌드를 어떻게 사업에 접목하느냐가 관건이라고 생각합니다. 그중에서도 고객의 관점에서 원하는 부분을 파악하려면 소통이 가장 먼저 필수적인 요소입니다. ",800,,10월 25일
우리카드,"지금까지 사용해본 금융 관련 각종 서비스 중 가장 혁신적이라고 생각했던 서비스와 그 이유, 그리고 이를 통해 본인의 삶이 과거와 비교해 어떻게 달라졌는지 자유롭게 기술하여 주시기 바랍니다.","▶ 당연했던 불편함을 해소해준 서비스 ◀

대학생 시절, 학교에서 신입생을 위한 행사를 하러 가든, 동기생들과 모여서 술 한잔을 하든 반드시 거쳐야 하는 절차의 첫 번째는 바로 총무라는 사람을 정해 돈을 걷는 것이었습니다. 약속한 시각이 되기 전에 너나 나나 학교 근처 ATM 앞에서 돈을 뽑는 모습은 제가 신입생 시절에는 당연한 모습이었습니다. 

어느 날, 거짓말처럼 등장했던 무료 송금이라는 서비스가 등장하고 나서는 단순한 편리함뿐만 아니라 문화 자체를 바꾸어버렸습니다. 무엇보다도 수수료가 없어 돈도 아낄 수 있고, 은행이나 ATM에 직접 가지 않아도 되니까 시간도 절약할 수 있는 일석이조의 서비스였습니다. 또한, 돈을 걷어서 관리해야 하는 총무들의 입장에서도 확실하게 체크를 할 수 있는 점도 굉장한 이점이었습니다.

어찌 보면 단순한 이 서비스는 지금은 누구나 당연하게 생각하는 서비스가 되었습니다. 기존에 은행을 가서 봐야 했던 그런 당연했던 업무들은 집에서도 편하게 처리할 수 있는 시대가 열렸습니다. 마침 마이데이터 사업도 진행되고, 비대면 시대를 맞아 우리카드에서도 당연했던 불편함을 해소해 줄 수 있는 고객에겐 당연한 서비스를 만들어보고 싶습니다. 아직도 세상에는 당연한 불편함이 많습니다. 그렇기에 아직 우리(카드)에겐 많은 가능성과 기회가 있다고 생각합니다. 그 기회를 함께 잡아보고 싶습니다.",800,,10월 25일
게임빌컴투스플랫폼,주어진 일이나 과제 수행 시 새로운 것을 접목하거나 남다른 아이디어를 통해 문제를 개선했던 경험에 대해 작성해주세요.,"▶ 학생 목소리에 집중한 정책으로 참여율 70% 달성 ◀

학부 시절 저희 학과는 같은 단과대학 내의 다른 학과들에 비해서 잘 뭉치지 못한다는 소리를 자주 들어 학생회장이었던 저에겐 큰 고민이었습니다. 당시, 기존 전년도 학생회에서 행사를 진행하면 보통 학생회와 친한 몇몇 인원들만 참석하여 30%대로 저조한 참여율을 보였습니다. 따라서 적어도 학과생의 50%는 참여율을 달성하는 것을 목표를 세웠습니다.

무엇보다도 학생들의 생각을 알아보는 것이 먼저라고 판단하여 구글 설문지를 작성하고 주 참여자인 1학년과 2학년 학생 140명을 대상으로 설문 조사를 진행하였습니다. 또한, 직접 학생회 임원들에게 총 6개의 전공 수업에서 만나는 학생들에게 학생회에 바라는 점을 물어봐달라고 했습니다. 

그 결과 불참 이유는 행사가 흥미롭지 않다는 점과 자신의 일정과 겹쳤던 점이라고 응답한 것을 확인하였고, 학과 소속감을 묻는 문항을 통해 학과에 대한 소속감이 없다는 결과가 50%가 넘은 이유가 취업과 관련해서 고민이 많기 때문이라는 것을 도출해냈습니다. 

이를 토대로 학과장님께 취업 고민을 해결할 방법을 토의했습니다. 설문결과와 토의내용을 바탕으로 학과 최초로 ‘영문인의 날’이라는 행사를 기획하였습니다. ‘영문인의 날’ 행사는 안 온 사람을 찾아보기 힘들 정도로 90%에 가까운 행사 참여율을 보였고, 그 이후 행사들에서도 최소 70% 참여율을 유지할 수 있었습니다.

이로써 문제를 해결하기 위해서는 본질적인 부분부터 제대로 알아가는 과정이 필요하며 아무리 좋은 AI기술들이 있어도 사용자가 원하는 본질에 다가가지 못한다면 결국은 근본적인 문제 해결을 할 수 없다는 것을 깨달았습니다. ",0,,10월 25일
게임빌컴투스플랫폼,희망 직무를 지원한 이유와 해당 직무를 수행하기 위해 어떠한 노력이나 경험을 하였는지 작성해주세요.,"▶사람 맞춤형 AI개발자◀

제 꿈은 사람들을 행복하게 해주는 일을 하는 것입니다. 지금까지 많은 사람과 교류하고 어떤 조직에서 리더 역할을 맡은 이유도 저와 함께하는 사람들이 행복해지길 바라는 마음에서 나왔습니다. 사람에 대해 깊이 있게 연구하고 사람에게 도움이 되는 서비스를 만들며 보람을 느끼는 AI 개발자가 되고 싶습니다. 

게임빌컴투스플랫폼에서 유능한 팀원들과 고객이 원하는 인사이트를 도출하여 게임 서비스로 구현해내는 사용자 맞춤형 AI개발자가 된다면 제가 이루고자 하는 꿈에 현실적으로 다가갈 수 있을 것으로 생각합니다. 제 꿈을 이루기 위해 열정적인 배움의 자세로 AI부서를 이끄는 핵심인재로 성장하겠습니다.

▶1등으로 수료한 빅데이터 분석가◀

빅데이터 플랫폼을 활용한 수집, 저장, 처리, 분석까지의 과정과 머신러닝 기반 활용 및 시각화를 교육하는 ‘PBL 머신러닝 기반 빅데이터 분석가 과정’을 1등으로 수료하였습니다. 교육과정에서 부반장을 맡아 매일 아침 IT 관련 뉴스를 정리해서 공유하고, 밤늦게까지 남아서 배운 내용을 스터디 멤버들과 서로 가르쳐주는 방식으로 하루 12시간씩 투자해가며 부족한 부분을 채워가며 과정에 누구보다 열심히 임했습니다. 

‘뉴스 빅데이터 분석을 통한 주가 변동성 예측’ 프로젝트에서 대용량 데이터를 받아 머신러닝 기반의 주가 변동성 예측 모델과 자연어처리를 활용한 뉴스 빅데이터 분석 모델을 개발한 경험은 머신러닝을 활용한 서비스 환경개선에 도움이 될 것입니다. 또한, 인턴을 수행하며 공공데이터를 활용한 아이디어 경진대회에서 수상한 경력은 사용자가 원하는 서비스를 기획할 때 이바지할 것입니다.",0,,10월 25일
게임빌컴투스플랫폼,"타인과의 협업 과정에서 나타나는 본인의 장점 및 단점, 단점을 극복하기 위한 노력 등을 사례를 통해 구체적으로 작성해주세요.","▶성과를 가져오는 소통력◀

학창시절부터 성인이 된 이후까지 학생회와 동아리에서 회장 및 국장을, 그리고 ROTC 자치근무자를 거쳐 해병대 장교로 임관하여 수치화를 통한 데이터기반 운영과 밤낮 없는 출동으로 최전방 백령도의 통신체계망 60%를 관리했습니다. 조직을 이끌면서 성과를 가져온 노하우와 소통능력은 누구보다 자신 있습니다. 특히, 제 장점은 제가 속한 팀의 시너지 효과를 증폭시키는 능력으로 지금까지 많은 성과를 이뤄냈습니다. 

학부 시절 역대 최고 행사참여율을 달성했던 학생회 운영과 브랜딩을 공부하는 대외활동에서 프레젠테이션 배틀에 참가하여 우수상을 받고 베스트 팀으로 선정되었고, 장교로 임관하여 부대에서 가장 신뢰받는 참모부서를 만들었습니다. 또한, 전역 후 공공데이터 인턴을 하며 참가한 3개의 대회에서 모두 상을 받게 되는 영광을 이루었고, 한양대 산학단에서 진행한 산학프로젝트 발표에서도 저희 팀이 1등을 차지한 경험이 있습니다.

다만, 적당함을 유지하지 못하는 욕심이 많은 성격을 갖고 있기도 합니다. 어느정도 목표한 바를 이루면 적당히 만족하면서 마무리를 지어야 하지만, 마음속에서 조금만 더하면 좋지 않을까 하는 생각으로 자꾸만 욕심을 내곤 합니다. 이런 욕심 때문에 무리한 운영으로 역효과를 불러일으킨 적도 있습니다. 

이를 극복하기 위해 계획한 목표를 달성하면 확실하게 맺고 끊는 것을 연습했고, 무엇보다도 목표는 팀원들과 함께 정하고 함께 피드백하는 방식으로 소통의 절대량을 늘렸습니다. 프로젝트를 진행할 때도 저는 모델의 정확도를 더 끌어올렸으면 좋겠다고 하였으나 팀원들은 이미 충분한 수준이라고 의견을 내주어 더는 지체하지 않고 다음 작업으로 넘어갈 수 있었습니다. 앞으로도 단계적으로 성취를 통해, 다시 새로운 목표를 향해갈 수 있도록 팀원들과 좋은 결과를 낼 수 있도록 하는 소통의 핵심인재로 거듭나겠습니다.",0,,10월 25일
교보생명보험,생명보험이란 무엇이라고 생각하는지와 교보생명에 지원한 동기에 대하여 작성하여 주십시오,"▲ 가장 현실적인 대안, 생명보험

생명보험은 생명이라는 인생에서 가장 큰 리스크를 케어해주는 서비스라고 생각합니다. 현재 생명보험의 중요한 기능은 사회보장제도를 보완해주는 역할입니다. 인구통계학적으로 보았을 때, 저출산의 영향으로 인구 구조는 점차 역피라미드가 될 가능성이 크므로 이는 사회보장제도에 악영향을 미칠 가능성이 큰데 이는 곧 생명보험의 필요성을 강조해줍니다.
한편, MZ세대가 기존 생명보험에 대해 어떤 생각을 가지고 추후 가입할 가능성도 고려해봐야 합니다. 금융감독원 자료에 따르면 건강보험에서 손해보험이 생명보험보다 몇 년째 앞서는 이유도 이와 비슷한 맥락이라고 생각합니다. 코로나 이후 언택트 시장이 활성화됨에 따라 보험업계도 디지털을 적극적으로 활용하여 새로운 가입자를 끌어들이기 위한 전략을 세워야 합니다.

▲ 마이데이터 선두주자, 교보생명

업계 최초로 마이데이터 사업 본허가 획득한 교보생명은 문화적 DNA를 강조하며 차별화된 서비스를 준비하고 있습니다. 지금까지 데이터 관련 공부를 해오면서 마이데이터를 활용하면 무궁무진한 가능성이 있는 사업의 중요성을 더욱 아는 터라 교보생명의 횡보는 눈길을 끌 수밖에 없었습니다. 또한, 최근 업계 최초로 모바일을 통한 행정안전부 전자증명서 서비스 처리 시스템을 구축한 사례로 보아 진정으로 고객이 원하는 서비스를 위해 노력하는 기업이라는 것과 언택트 금융 환경에 발 빠르게 맞춰간다는 것을 느낄 수 있었습니다.

제 꿈은 사람들을 행복하게 해주는 일을 하는 것입니다. 입사 후에 유능한 팀원들과 데이터분석을 기반으로 고객이 원하는 인사이트를 도출하여 서비스로 구현해내는 고객 맞춤형 데이터 사이언티스트가 된다면 제 꿈을 현실적으로 이룰 수 있을 것입니다. 교보생명은 내년 1월 중 마이데이터 서비스 출시를 목표로 두고 있으며 세부적인 준비과정이 상당히 구체적이라고 생각합니다. 저는 이러한 교보생명과 함께 성장하며 교보생명의 디지털 전략가로서 고객 만족을 통해 행복을 끌어내 보고 싶습니다.",1000,,10월 26일
교보생명보험,본인의 성경의 장/단점을 교보생명의 인재상을 참고하여 작성하여 주십시오,"▲  성과를 가져오는 소통력

학창시절부터 성인이 된 이후까지 학생회와 동아리에서 회장 및 국장을, 그리고 ROTC 자치근무자를 거쳐 해병대 장교로 임관하여 수치화를 통한 데이터기반 운영과 밤낮없는 출동으로 최전방 백령도의 통신체계망 60%를 관리했습니다. 조직을 이끌면서 성과를 가져온 저만의 비결과 소통능력은 누구보다 자신 있습니다. 특히, 제 장점은 제가 속한 팀의 시너지 효과를 증폭시키는 능력으로 지금까지 많은 성과를 이뤄냈습니다. 

학부 시절 역대 최고 행사참여율을 달성했던 학생회 운영과 브랜딩을 공부하는 대외활동에서 프레젠테이션 배틀에 참가하여 우수상을 받고 베스트 팀으로 선정되었고, 장교로 임관하여 부대에서 가장 신뢰받는 참모부서를 만들었습니다. 또한, 전역 후 공공데이터 인턴을 하며 참가한 3개의 대회에서 모두 상을 받게 되는 영광을 이루었고, 한양대 산학단에서 진행한 산학프로젝트 발표에서도 저희 팀이 1등을 차지한 경험이 있습니다. 이는 모두 저와 함께 했던 구성원들과의 환상의 호흡이 아니었더라면 절대로 이루지 못했을 것을 잘 알고 있습니다.

다만, 적당함을 유지하지 못하는 욕심이 많은 성격을 갖고 있기도 합니다. 어느정도 목표한 바를 이루면 적당히 만족하면서 마무리를 지어야 하지만, 마음속에서 조금만 더하면 좋지 않을까 하는 생각으로 자꾸만 욕심을 내곤 합니다. 이런 욕심 때문에 무리한 운영으로 역효과를 불러일으킨 적도 있습니다. 

이를 극복하기 위해 계획한 목표를 달성하면 확실하게 맺고 끊는 것을 연습했고, 무엇보다도 목표는 팀원들과 함께 정하고 함께 피드백하는 방식으로 소통의 절대량을 늘렸습니다. 프로젝트를 진행할 때도 저는 모델의 정확도를 더 끌어올렸으면 좋겠다고 하였으나 팀원들은 이미 충분한 수준이라고 의견을 내주어 더는 지체하지 않고 다음 작업으로 넘어갈 수 있었습니다. 앞으로도 교보생명의 새로운 목표를 향해 팀원들과 좋은 결과를 낼 수 있도록 하는 소통의 핵심인재로 거듭나겠습니다.",1000,,10월 26일
교보생명보험,지원한 직무는 무엇입니까? 해당 직무의 전문가가 되기 위해서 입사 후 어떤 노력이 필요한지 작성하여 주십시오,"▲ 문화적 DNA를 담은 전략

교보생명보험의 디지털 사업추진 전략을 담당하여 고객을 위한 고객 맞춤형 플랫폼 서비스를 기획하고 운영하는 직무입니다. 누구보다도 디지털 신기술과 트렌드에 민감해야 하기에 새로운 정보를 수집하는 습관을 들여야 합니다. ㅇㅇ대 산학단에서 부반장을 맡아서 매일 아침 IT 뉴스를 찾아서 공유하던 습관은 현재 매일 아침 경제뉴스와 함께 확인하는 습관으로 유지하고 있습니다. 또한, 직무 관련 현직자들이 정보 공유를 하는 커뮤니티 앱을 활용하여 최신 트렌드를 익히고 있습니다. 입사 후에도 꾸준히 정보를 찾아서 저희 서비스에 적용할 방안을 모색하는 습관을 가질 것입니다. 

신규 주식투자자를 위한 투자의사결정 지원 플랫폼을 만드는 프로젝트를 했던 경험을 통해 고객 중심의 서비스를 어떤 과정으로 만드는지 잘 알 수 있었습니다. 프로젝트를 진행하며 무엇보다도 어려웠던 점은 고객의 처지에서 생각하고 구현하는 것이었습니다. 단순한 서비스를 만들더라도 고객이 원하는 기능이 아니라면 그것에 기울인 시간과 노력이 헛되게 될 확률이 높아지기 때문입니다. 교보생명보험뿐만 아니라 타사의 서비스 현황을 파악하고 고객들이 어떤 점에서 불편을 겪는지 파악하는 것을 우선시할 것입니다. 그 후, 팀원들과 불편을 해소하기 위해서 서비스를 어떤 방식으로 개선해 나갈 것인지 회의를 통해 전략을 구체화해나가겠습니다.

더불어 데이터 분석에 대한 공부도 꾸준히 해나가겠습니다. AI기반의 신기술을 접목시킨 분석에 관심이 많으므로 지금도 관련 자료나 대회를 살펴보고 있습니다. 입사 후에도 마이데이터를 신기술과 접목해 활용할 수 있도록 활용방안을 수립하겠습니다. ",1000,,10월 26일
교보생명보험,해당 직무를 잘 수행하기 위해 필요하다고 생각하는 역량을 자신의 경험을 바탕으로 작성하여 주십시오,"▲ 1등으로 수료한 빅데이터 분석가 과정

빅데이터 플랫폼을 활용한 수집, 저장, 처리, 분석까지의 과정과 머신러닝 기반 활용 및 시각화를 교육하는 ‘PBL 머신러닝 기반 빅데이터 분석가 과정’을 1등으로 수료하였습니다. 교육과정에서 부반장을 맡아 매일 아침 IT 관련 뉴스를 정리해서 공유하고, 밤늦게까지 남아서 배운 내용을 스터디 멤버들과 서로 가르쳐주는 방식으로 하루 12시간씩 투자해가며 부족한 부분을 채워가며 과정에 누구보다 열심히 임했습니다. 
결국, 이 과정을 통해 빅데이터에 대한 이해가 높아졌을 뿐만 아니라 요구사항을 도출해내는 기획부터 개발자들이 어떤 식으로 협업하는지 알 수 있었고 특히, 최종프로젝트에서 사용자의 요구사항에 집중한 서비스 구현과 발표구성으로 발표 1등을 이뤄낸 경험은 디지털 전략을 수립하는 데 도움이 될 것입니다


▲ 학생 목소리에 집중한 정책으로 참여율 70% 달성

학생회를 운영하며 학과생들의 행사 참여율을 높이기 위해서 노력한 경험이 있습니다. 당시, 기존 전년도 학생회에서 행사를 진행하면 보통 학생회와 친한 몇몇 인원들만 참석하여 30%대로 저조한 참여율이었습니다. 따라서 적어도 학과생의 50%는 참여하도록 하는 것이 저희의 목표였습니다. 먼저, 구글 설문지를 작성하여 주 참여자인 1학년과 2학년 학생 140명을 대상으로 설문조사를 진행하였고 행사가 흥미롭지 않다는 이유 때문이라는 것을 파악하게 되었습니다. 
또한, 학과에 대한 소속감이 없다는 결과가 50%가 넘은 이유가 취업과 관련해서 고민이 많기 때문이라는 것을 도출해냈습니다. 이를 토대로 학과장님께 취업 고민을 해결할 방법을 토의하여 학과 최초로 진로 모색 박람회 콘셉트의 ‘영문인의 날’이라는 행사를 기획하였습니다. 행사는 안 온 사람을 찾아보기 힘들 정도로 90%에 가까운 행사 참여율을 보였고, 그 이후 행사들에서도 최소 70% 참여율을 유지할 수 있었습니다. 이처럼 상대의 처지에서 생각하는 과정을 통해 비즈니스 요구사항을 파악하고 플랫폼 서비스를 개선하는 데 일조하겠습니다.",1000,,10월 26일
교보생명보험,"지금까지 가장 도전적인 목표를 정하고 노력한 경험이 있다면 작성하여 주십시오
또한 어떤 원인 때문에 성공 또는 실패했는지 구체적으로 작성해 주시기 바랍니다.","▲ 주식도메인 뉴스분류모델 개발

ㅇ에서 뉴스 빅데이터 분석을 통한 주가변동성 예측 프로젝트를 했던 경험이 있습니다. 특히, 뉴스데이터 활용을 위해 뉴스데이터 분류모델을 만들어야 했습니다. 하지만 문제는 교육과정에 자연어처리에 관한 내용이 전혀 없었다는 것이었습니다. 0부터 시작하는 상황이었지만 팀장으로서 프로젝트를 포기할 수는 없기에 책과 인터넷을 찾아보며 진행하기로 하였습니다. 먼저, 주가 분석과 관련한 선행 연구 사례들 33개의 논문을 확인하였습니다. 그중에서도 참고할만한 논문 7개를 추려 기존 문제점들을 개선해나가는 식으로 방향을 잡았습니다. 

저희는 개선점을 크게 3가지로 잡았습니다. 
첫째, 데이터 양의 증가
논문들의 한계의 공통점에는 활용한 데이터의 길이와 크기에 제한을 받았다는 것이었습니다. 따라서, 저희는 총 2010년 1월부터 2021년 6월까지 약 11년치의 네이버 경제뉴스에 있는 모든 언론사의 기사 데이터를 크롤링을 통해 수집하여 충분한 데이터를 확보하였습니다.
둘째, 언어적 특성 고려
BERT는 문장을 앞뒤로 해석하여 문맥을 이해할 수 있으므로 상황에 따라 달리 해석되는 다의어도 파악할 수 있는 특징이 있습니다. 이를 활용하여 문맥적 의미변이 및 동음이의어 구분의 문제를 해결하였습니다.
셋째, 전문화된 감성사전
기존 감성사전은 영화의 댓글의 감성을 파악하거나 트위터 글에서 감성을 파악하는 등 단순한 감정을 읽는 것이었다면 저희가 만든 감성사전은 주식 도메인에 특화된 감성사전입니다. 증권사 리서치 자료를 포함하여 전문적인 용어를 추가, 단어 임베딩을 통해 단어 유사도 검증을 거쳐 감성 수치를 구체화하였습니다.

위와 같은 과정을 거쳐 최종적으로 정확도 94에 달하는 감성분류모델을 만들었습니다.

부담감과 불안함을 견뎌내고 성공적으로 프로젝트가 진행될 수 있었던 이유는 바로 팀원들에 대한 믿음이었습니다. 팀장으로서 해결방안을 찾아 제시하면 팀원들이 피드백 해주며 한걸음씩 나아간 것이 목적지에 도달할 수 있었습니다.",1000,,10월 26일
교보생명보험,팀이나 조직에서 다른 사람과 팀웍을 이루어 성과를 이뤄낸 경험에 대해 작성하여 주십시오,"▲ 최전방 통신체계를 책임지다

지난 2018년, 저는 해병대 장교로 임관했습니다. 그동안 여러 조직에서 리더 역할을 많이 맡았지만 확실하게 책임과 권한이 주어지는 경험은 감회가 남달랐습니다. 서해최북단 백령도에 부대 배치 후 들어간 첫 회의에서 대대장님의 훈육을 통해 느꼈던 최전방 부대의 긴장감은 시험을 치르며 느꼈던 종류의 것과는 차원이 달랐습니다.

특히, 해안과 근접한 특성으로 인해 통신망과 감시장비의 고장이 잦았으나, 해야 할 일에 비해 가용 가능한 인원이 너무 부족했습니다. 적재적소에 인원을 현장에 투입하고 내부적인 문제도 해결하기 위해서는 철저한 일정 관리와 인원 관리가 필수였습니다. 각종 통신장비와 체계들은 같은 원인으로 문제가 생기기보다는 다른 원인으로 발생하였고, 매번 맞닥뜨리는 새로운 문제들을 해결하기 위해서 부서 간부들과 자주 소통하고 소대원들의 의견을 자주 수렴하여 탄력적이고 유연하게 대처해나갔습니다. 항상 최선의 결정을 내리기 위해서 현장을 직접 발로 뛰고, 업무시간 이후에도 부서 운용계획을 세우느라 개인적인 여유가 전혀 없었지만 그런데도 버틸 수 있었던 것은 믿고 의지할 수 있는 소대원들이 있었기 때문이었습니다. 

결국, 대대장님이 가장 믿어주신 참모이자 수치화를 통한 데이터 기반의 효율적인 운영과 다른 참모 부서와의 원활한 소통으로 백령도의 통신체계망 60%를 관리했고 특히, 상급부대 검열 시 지적이 한 건도 없었다는 자부심이 있습니다. 이를 바탕으로 교보생명보험에서도 제 맡은 바 업무를 확실하게 처리할 수 있으리라 생각합니다.",1000,,10월 26일
한국투자신탁운용,"성장과정:가족사항, 학창시절, 교우관계, 생활습관, 자신에게 크게 영향을 미친 사건 등을 포함하여 구체적으로 작성","▶최전방 통신체계를 책임지다◀

지난 2018년, 저는 해병대 장교로 임관했습니다. 그동안 여러 조직에서 리더 역할을 많이 맡았지만 확실하게 책임과 권한이 주어지는 경험은 감회가 남달랐습니다. 서해최북단 백령도에 부대 배치 후 들어간 첫 회의에서 대대장님의 훈육을 통해 느꼈던 최전방 부대의 긴장감은 시험을 치르며 느꼈던 종류의 것과는 차원이 달랐습니다.
그전까지 저는 현실과 타협하면서 적당히 지내는 학생이었습니다. 하지만 매일 저만 바라보는 소대원들과 부서 간부들, 그리고 부대에서 정보통신에 관련한 최고 책임자로 지내면서 적당히는 확실히로 바뀌었고, 맡은 일을 확실하게 책임지고 해내는 사람이 되었습니다. 대대장님이 가장 믿어주신 참모이자 수치화를 통한 데이터기반 운영과 밤낮없는 출동으로 백령도의 통신체계망 60%를 관리했고 특히, 상급부대 검열 시 지적이 한 건도 없었다는 자부심이 있습니다. 이를 바탕으로 한국투자신탁운용에서도 제 맡은 바 업무를 확실하게 처리할 수 있으리라 생각합니다.",500,,10월 28일
한국투자신탁운용,실패했던 경험이나 크게 좌절했던 경험과 극복사례는?,"▶빅데이터 분석기사 실패를 발판 삼다◀

교육과정을 수강하며 빅데이터 분석기사를 준비했기에 교육만으로도 시험에 도움이 된다고 생각하며 조금 안일하게 준비했습니다. 결국, 거짓말처럼 단 한 문제 차이로 필기시험에서 떨어졌습니다. 같이 준비했던 동기생들이 실기까지 수월하게 합격하는 모습을 보면서 ‘겸손’과 ‘유비무환’의 중요성을 머릿속 깊이 되새겼습니다. 실패의 쓴맛을 보고 난 후 남은 교육과정에서 매일 같이 밤 9시까지 남아서 스터디와 프로젝트에 누구보다 열심히 임하였고, 수료 후 치렀던 기사시험에서 당당히 합격하여 실기 준비 중입니다.",300,,10월 28일
한국투자신탁운용,운용업을 선택하게된 이유와 운용사 중 당사를 선택한 이유,"▶미래를 책임진다는 사명◀

ㅇㅇ에서 뉴스 빅데이터 분석을 통한 주가 변동성 예측 프로젝트를 진행하면서 본격적으로 증권업에 관심을 가졌습니다. 프로젝트를 진행하면서 많은 데이터의 결과물인 주가데이터를 활용하여 고객들의 많은 자산을 관리하는 운용업의 매력을 느꼈습니다.
또한, 금융데이터 경진대회에 참가하여 신규투자자 데이터를 분석하며 신규투자자가 많아진 이유는 전 세대가 자산증식에 관심이 많으며 특히, 노후를 위한 준비가 필수적이라는 것을 느꼈습니다. 이를 토대로 TDF와 TIF 등 연금 펀드를 선도하는 당사에 더욱 관심이 갔습니다.",300,,10월 28일
한국투자신탁운용,지원한 분야는 어떤 일을 한다고 생각하는가?,"한국투자신탁운용의 자산운용과 경영정보 관련 전산시스템을 기획 및 개발하고 펀드 성과 분석 및 리스크 관리 시스템을 설계 및 운영하는 분야라고 생각합니다. 또한, 자산운용업 도메인 기반으로 하여 IT신기술을 활용한 업무혁신을 주도하고 원활한 자산 운용서비스를 위한 유무선 인프라를 관리하여 고객과 회사를 위한 최전선에서 책임을 다하는 일을 한다고 생각합니다.",200,,10월 28일
한국투자신탁운용,지원분야에 본인이 적합한 이유를 증명하시오.,"▶신기술을 접목하는 데이터 전문가◀

빅데이터의 수집부터 머신러닝 기반 활용 및 시각화까지 공부하는 ‘PBL 머신러닝 기반 빅데이터 분석가 과정’을 1등으로 수료하였습니다. 프로젝트에서 대용량 데이터를 받아 머신러닝 기반의 주가 변동성 예측 모델과 자연어처리를 활용한 뉴스 빅데이터 분석 모델을 개발한 경험은 신기술 도입 및 활용에 도움이 될 것입니다. 또한, 인턴을 수행하며 공공데이터를 활용한 아이디어 경진대회에서 수상한 경력은 고객이 원하는 서비스를 기획할 때 이바지할 것입니다.

▶다양한 IT인프라 경험자◀

해병대 정보통신 장교로 임관하여 최전방 백령도에서 정보통신 부서를 책임지기 위해서 유무선 통신뿐만 아니라 군 내부 체계망을 관리했으며 특히, 해병대 최초로 도입된 TICN을 전력화하는 데 이바지하면서 전반적인 네트워크 구성과 서버의 개념에 대해서 실무적으로 경험을 쌓을 수 있었습니다.

또한, 올해 안에 투자자산운용사 자격증 취득을 통한 금융 도메인 학습을 목표로 하고 있습니다.",500,,10월 28일
한국투자신탁운용,"당신의 인생계획(Life Plan)에서 꿈은 무엇이고, 그 꿈을 이루기 위해 회사가 어떻게 도움을 줄 수 있는지 서술하시오.","▶사람 맞춤형 데이터 사이언티스트◀

제 꿈은 사람들을 행복하게 해주는 일을 하는 것입니다. 지금까지 많은 사람과 교류하고 어떤 조직에서 리더 역할을 맡은 이유도 저와 함께하는 사람들이 행복해지길 바라는 마음에서 나왔습니다. 특히, 데이터 분석가의 능력과 데이터 엔지니어의 능력을 모두 갖춘 사람 맞춤형 데이터 사이언티스트가 되어 사회에 도움이 되는 일을 하는 것이 목표입니다. 여러 조직 생활 경험을 통해 얻은 사람에 대한 이해와 데이터를 공부하며 얻은 지식을 바탕으로 하여 사람에 대해 깊이 있게 연구하고 사람에게 도움이 되는 서비스를 만들며 보람을 느끼는 사람이 되고 싶습니다. 
한국투자신탁운용에서 유능한 팀원들과 AI와 빅데이터 등 신기술을 활용한 고객 맞춤형 데이터 사이언티스트가 된다면 제가 이루고자 하는 꿈에 현실적으로 다가갈 수 있을 것으로 생각합니다. 제 꿈을 이루기 위해 열정적인 배움의 자세로 금융도메인 지식을 꾸준히 학습하여 IT 부서를 이끄는 핵심인재로 성장하겠습니다.",500,,10월 28일
SSG.COM,당사에 지원한 이유와 입사를 위해 어떤 노력을 하였는지 구체적으로 기술하시오,"▶사람 맞춤형 데이터 사이언티스트◀

제 꿈은 사람들을 행복하게 해주는 일을 하는 것입니다. 지금까지 많은 사람과 교류하고 어떤 조직에서 리더 역할을 맡은 이유도 저와 함께하는 사람들이 행복해지길 바라는 마음에서 나왔습니다. 사람에 대해 깊이 있게 연구하고 사람에게 도움이 되는 서비스를 만들며 보람을 느끼는 사람이 되고 싶습니다. 

뉴스 빅데이터 분석을 통한 주가 변동성 예측 프로젝트를 진행하면서 사람들을 위한 플랫폼 서비스에 관심을 가졌습니다. 특히, SSG.COM은 직접 물류서비스를 운영하고, SSG페이를 활용한 간편결제 등 차별화된 모습을 보고 매력을 느꼈습니다. 당사에서 방대하고 다양한 데이터를 토대로 인사이트를 도출하여 고객에게 딱 맞는 서비스로 구현해내는 고객 맞춤형 데이터 사이언티스트가 된다면 제가 이루고자 하는 꿈에 현실적으로 다가갈 수 있을 것으로 생각합니다. 제 꿈을 이루기 위해 열정적인 배움의 자세로 Data부서를 이끄는 핵심인재로 성장하겠습니다.

▶1등으로 수료한 빅데이터 분석가◀

빅데이터 플랫폼을 활용한 수집, 저장, 처리, 분석까지의 과정과 머신러닝 기반 활용 및 시각화를 교육하는 ‘PBL 머신러닝 기반 빅데이터 분석가 과정’을 1등으로 수료하였습니다. 교육과정에서 부반장을 맡아 매일 아침 IT 관련 뉴스를 정리해서 공유하고, 밤늦게까지 남아서 배운 내용을 스터디 멤버들과 서로 가르쳐주는 방식으로 하루 12시간씩 투자해가며 부족한 부분을 채워가며 과정에 누구보다 열심히 임했습니다. 

‘뉴스 빅데이터 분석을 통한 주가 변동성 예측’ 프로젝트에서 대용량 데이터를 받아 머신러닝 기반의 주가 변동성 예측 모델과 자연어처리를 활용한 뉴스 빅데이터 분석 모델을 개발하여 주린이를 위한 Hola Platform 서비스를 만든 경험은 머신러닝을 활용한 서비스 환경개선에 도움이 될 것입니다. 또한, 인턴을 수행하며 공공데이터를 활용한 아이디어 경진대회에서 수상한 경력은 고객의 관점에서 진정으로 고객이 원하는 서비스를 기획할 때 이바지할 것입니다.",1000,,10월 28일
SSG.COM,지원한 직군에서 구체적으로 하고 싶은 일과 본인이 그 일을 남들보다 잘할 수 있는 차별화된 능력과 경험을 기술하시오,"저는 다음과 같은 맞춤형 서비스를 기획해보고 싶습니다.
* 소비패턴 분석으로 맞춤형 추천(소비 MBTI)
 - 주변 친구들을 봐도 먹을 것에 돈을 많이 쓰는 친구, 옷을 많이 사는 친구, 여행과 취미생활에 아낌없이 투자하는 친구 등등 소비패턴 분석으로 본인이 소비하고자 하는 세부분야에 맞는 정보를 제공해줍니다. 사전검사(소비 MBTI)를 통해 기반 데이터를 잡고 고객데이터를 통해 유형을 확립해나가 소비자 유형별로 맞춤 섹터별 할인을 해주거나 쿠폰을 주는 식으로 구성합니다.
* 소모품 관리 / 구독서비스 추천
 - 연령별, 직군별 주기적으로 일정하게 소모하는 상품이 있습니다. 예를 들어 자취생은 물이나 생활용품, 재택근무의 증가로 A4용지나 프린터 잉크 등 어느 정도 기간이 지나면 소모품의 특성상 재구매를 해야 하므로 이를 미리 인지하고 추천해주는 기능을 도입합니다. 마음에 든다면 아예 구독서비스로 전환하는 것도 충성도를 높이는 방법입니다.

또한, 저는 세 가지 차별화된 능력이 있습니다. 

첫째, 로우 데이터에 익숙하고 인사이트 도출에 능합니다.
인턴생활을 하며 센서데이터에서 나오는 로우데이터를 많이 다뤘습니다. 아무 의미 없어 보이는 데이터들을 보며 어떻게 서비스로 구현해낼지 생각하는 것을 즐깁니다. 인턴 생활을 하며 참가한 3개의 공공데이터 활용대회에서 모두 수상한 경험이 있습니다. 

둘째, 많은 조직생활로 다져진 사람전문가입니다.
지금까지 맡은 조직들을 성공으로 이끈 비결은 저만의 사람 빅데이터를 잘 활용한다는 것입니다. 세상엔 다양한 데이터만큼 다양한 사람들이 존재하는데 조직이 원하는 목표를 이루기 위해서 구성원들과 원활한 소통과 화합을 끌어낼 자신이 있습니다.

셋째, 머신러닝 스킬을 보유한 빅데이터 분석가입니다.
교육과정을 통해 빅데이터 플랫폼을 사용하여 데이터의 수집부터 처리 및 활용까지 전 프로세스를 경험했습니다. 실제로 업무에 투입된다면 이른 시일 내에 도메인 지식을 습득하고 제 몫을 다할 수 있을 것입니다.",1000,,10월 28일
SSG.COM,학업 외 가장 열정적이고 도전적으로 몰입하여 성과를 창출했거나 목표를 달성한 경험을 기술하시오,"▶ 학생 목소리에 집중한 정책으로 참여율 70% 달성 ◀

학부 시절 저희 학과는 같은 단과대학 내의 다른 학과들에 비해서 잘 뭉치지 못한다는 소리를 자주 들어 학생회장이었던 저에겐 큰 고민이었습니다. 당시, 기존 전년도 학생회에서 행사를 진행하면 보통 학생회와 친한 몇몇 인원들만 참석하여 30%대로 저조한 참여율을 보였습니다. 따라서 적어도 학과생의 50%는 참여율을 달성하는 것을 목표를 세웠습니다.

무엇보다도 학생들의 생각을 알아보는 것이 먼저라고 판단하여 구글 설문지를 작성하고 주 참여자인 1학년과 2학년 학생 140명을 대상으로 설문 조사를 진행하였습니다. 또한, 직접 학생회 임원들에게 총 6개의 전공 수업에서 만나는 학생들에게 학생회에 바라는 점을 물어봐달라고 했습니다. 

그 결과 불참 이유는 행사가 흥미롭지 않다는 점과 자신의 일정과 겹쳤던 점이라고 응답한 것을 확인하였고, 학과 소속감을 묻는 문항을 통해 학과에 대한 소속감이 없다는 결과가 50%가 넘은 이유가 취업과 관련해서 고민이 많기 때문이라는 것을 도출해냈습니다. 

이를 토대로 학과장님께 취업 고민을 해결할 방법을 토의했습니다. 설문결과와 토의내용을 바탕으로 학과 최초로 ‘영문인의 날’이라는 행사를 기획하였습니다. ‘영문인의 날’ 행사는 안 온 사람을 찾아보기 힘들 정도로 90%에 가까운 행사 참여율을 보였고, 그 이후 행사들에서도 최소 70% 참여율을 유지할 수 있었습니다.

이로써 문제를 해결하기 위해서는 본질적인 부분부터 제대로 알아가는 과정이 필요하며 아무리 좋은 빅데이터, AI기술들이 있어도 사용자가 원하는 본질에 다가가지 못한다면 결국은 근본적인 문제 해결을 할 수 없다는 것을 깨달았습니다. 앞으로도 남들이 당연하다고 생각했던 문제들을 가져와서 멋지게 해결하는 해결사이자, 이커머스 시장을 선도할 수 있도록 이바지하는 SSG.COM의 대표적인 Linker가 되겠습니다.",1000,,10월 28일
GS네오텍,본인의 핵심역량 (차별화된 강점 등),"사람 맞춤형 데이터 사이언티스트가 되고 싶은 저는 다음과 같은 3가지 강점을 가지고 있습니다. 

▲ 첫 번째, 협업의 달인

학창시절 반장과 회장을 거쳐 대학 시절까지 학생회장과 학회장을 맡으며 쌓은 사람 빅데이터는 다양하고 새로운 사람들과 협업을 할 때 상대방의 장점을 잘 파악할 수 있는 능력을 길러주었습니다. 덕분에 팀 프로젝트를 할 때 주로 팀장을 맡아 팀원들의 적절한 역할분담을 통해 팀의 효율적인 운영을 이끌었습니다. 국립축산과학원에서 인턴을 수행하며 인턴을 대상으로 열린 3개의 대회에 참가하여 각 대회에서 모두 수상한 경험이 있습니다. 짧은 기간 동안 팀원들의 특성을 파악하여 기획팀과 분석팀을 나누어 운영하였고 각자의 강점을 바탕으로 업무 피로도를 최소화하고 최선의 결과를 도출할 수 있었습니다. 또한, 한양대 산학단에서 뉴스 빅데이터 분석을 통한 주가 변동성 예측을 주제로 산학프로젝트를 하며 기획부터 서비스 구현까지 애자일 방식으로 협업하는 방법을 배웠고 특히, 철저하게 사용자의 입장에 집중한 서비스 구현과 발표구성으로 발표 1등을 이뤄낸 경험을 바탕으로 클라우드 부서에서도 팀원들과의 시너지 효과를 이끌어낼 수 있을 것입니다.

▲ 두 번째, 성과의 달인

하고자 하는 목표가 있으면 절대로 포기하지 않고 결국 해내고야 마는 근성을 가지고 있습니다. 학부 시절 학생회를 운영하며 학과생들의 행사 참여율을 높이기 위해서 노력한 경험이 있습니다. 당시, 기존 전년도 학생회에서 행사를 진행하면 보통 학생회와 친한 몇몇 인원들만 참석하여 30%대로 저조한 참여율이었습니다. 학생회 선배들은 우리 학과 특성상 절대로 행사에 참석하지 않는다고 단언했지만 과감하게 학과생의 50% 이상이 참여하도록 하는 것을 목표로 세웠습니다. 먼저, 주 참여자인 1학년과 2학년 학생 140명을 대상으로 온/오프라인 설문 조사를 진행하였고 학과에 대한 소속감이 없다는 결과가 50%가 넘은 이유가 취업과 관련해서 고민이 많기 때문이라는 것을 도출해냈습니다. 
이를 토대로 학과장님께 찾아가 취업 고민을 해결할 방법을 토의하여 학과 최초로 진로 모색 박람회 콘셉트의 ‘영문인의 날’이라는 행사를 기획하였습니다. 행사는 안 온 사람을 찾아보기 힘들 정도로 90%에 가까운 행사 참여율을 보였고, 그 이후 기획했던 행사들에서도 최소 70% 참여율을 꾸준히 유지할 수 있었습니다. 이 소식은 인문대학 내에서도 소문이 나서 다음 연도 인문대학 학생회 대외협력국장으로 스카우트되었던 경험이 있습니다.

▲ 세 번째, 학습의 달인

새로운 것을 학습하는 데 주저함 없이 즐기는 성향을 지니고 있습니다. 지난 2018년, 해병대 정보통신 장교로 임관하여 최전방 백령도에서 정보통신 부서를 운영했습니다. 정보통신 관련 기초지식이 부족한 상태에서 부서장을 맡아 밤낮으로 공부하며 부서운영을 위해 노력했습니다. 결국, 6개월 안에 유무선 통신뿐만 아니라 군 내부 체계망을 관리했으며 특히, 해병대 최초로 도입된 TICN을 전력화하는 데 이바지하면서 전반적인 네트워크 구성과 서버의 개념에 대해서 실무적으로 경험을 쌓았으며 대대장님이 가장 신뢰하는 참모로 인정받을 수 있었습니다.",1500,,10월 31일
GS네오텍,성격의 장단점 및 보완노력,"▲ 반드시 해낸다는 책임감

학창시절부터 성인이 된 이후까지 여러 조직을 이끌면서 성과를 가져온 책임감을 바탕으로 맡은 업무를 확실하게 처리하겠습니다. 사람들과 함께할 때면 항상 주도적으로 이끌어가는 위치에 있었지만, 남들을 이끌어간다는 것은 사실 ‘권한’처럼 달콤해 보이는 단어보다는 ‘책임’의 무게가 훨씬 큰 상황들의 연속이었습니다. 무엇 하나 대충 넘어가지 않는 꼼꼼함이 조직을 운영하면서 책임감으로 나타났습니다.

산학프로젝트 하면서 원인을 알 수 없는 오류에 맞닥뜨렸을 때나 모델의 구현하기 위해서 반드시 알아야 할 개념을 교육에서 배우지 않았을 때 팀원들의 사기가 많이 꺾이는 모습을 보았습니다. 실제로 프로젝트에서 빅데이터 플랫폼을 구축하기 위해 가상머신을 활용해 운영환경을 설정하는 것에서부터 많은 오류가 발생했습니다. 문제는 많은 오류 대부분이 원인을 알기 힘든 오류들로 구성되어 있다는 점과 정말 사소한 오류들이 자주 발생한다는 것이었습니다. 하지만 저는 팀장으로서 밤을 새우는 노력으로 오류의 원인을 찾아내거나 도저히 해결이 어려운 문제는 멘토님께 도움을 구해서 팀원들에게 공유하며 많은 오류를 뚫고 프로젝트를 성공적으로 마무리하였습니다.

다만, 적당함을 유지하지 못하는 욕심이 많은 성격을 갖고 있기도 합니다. 사전에 목표한 바를 이루면 적당히 만족하면서 마무리를 지어야 하지만, 마음속에서 조금만 더하면 더 좋은 성과를 내지 않을까 하는 생각으로 자꾸만 욕심을 내곤 합니다. 이런 욕심으로 인한 무리한 운영으로 역효과를 불러일으킨 적도 있습니다. 프로젝트의 막바지 단계에서 저는 모델의 정확도를 더 끌어올렸으면 좋겠다고 하였으나 팀원들은 이미 충분한 수준이라고 말하면서 의사결정과정에서 진행속도가 더뎌졌던 적이 있습니다.

이를 극복하기 위해 계획한 목표를 달성하면 확실하게 맺고 끊는 것을 연습했습니다. 무엇보다도 목표는 팀원들과 함께 정하고 함께 피드백하는 방식으로 소통을 통해 풀어나갔습니다. 특히, 프로젝트 진행을 도와주셨던 멘토님께서 알려주신 플래닝 포커 방식을 활용하여 팀원들의 의견을 구체적으로 확인하고 팀이 원하는 목표를 이루기 위한 우선순위를 확실히 결정하여 불필요한 욕심을 부리는 것을 보완할 수 있었습니다. 

앞으로도 남다른 책임감으로 GS네오텍의 새로운 목표를 이루기 위해 끊임없이 노력하는 핵심인재로 거듭나겠습니다.",1500,,10월 31일
GS네오텍,"열정을 다해 성공적으로 마친 경험(업무/프로젝트/활동)	","▲ 산학프로젝트 발표 1등을 달성하다

한양대 산학단에서 총 10주간 뉴스 빅데이터 분석을 통한 주가변동성 예측 프로젝트를 열정적으로 수행한 경험을 통해 크게 3가지 점을 배울 수 있었습니다.

첫째, 빅데이터 플랫폼 활용 능력을 키울 수 있었습니다.
실시간으로 뉴스를 받아서 분석해주는 모델을 만들기 위해서 빅데이터 플랫폼을 활용해보고자 했습니다. 교육과정에서 배운 Virtual Box를 통해 설치되어 있던 플랫폼을 활용하여 서비스를 구현하고자 하였으나 버전이 오래되어 서비스가 종료되는 문제가 있어서 대신 Quickstart VM을 활용하였습니다. 우선, 크롤링하여 수집한 뉴스데이터를 HDFS에 적재하고 Kafka를 활용하여 실시간으로 들어오는 뉴스데이터들을 받아서 Spark를 통해 전처리 후에 Hbase에 적재하는 방식으로 설계하였고, Nifi를 사용하여 데이터 흐름의 자동화를 시도했습니다. 기존에는 하나하나 코딩을 통해서 이루어졌던 각 시스템 간 복잡한 연동을 플랫폼을 활용하면 클릭 몇 번 만에 가능하다는 것을 느끼고 놀라지 않을 수 없었습니다. 비록 무료버전의 한계로 직접 서비스에 구현해내지는 못했지만, 빅데이터 플랫폼의 편리성과 매력을 느낄 수 있었던 기회였습니다.

둘째, 머신러닝 기반 데이터분석 능력을 키울 수 있었습니다.
주가데이터 분석을 위해 시계열 분석을 시도했고, 뉴스데이터 분석을 통해 자연어처리에 대한 전반적인 개념과 언어모델의 활용능력을 기를 수 있었습니다. 주가데이터 분석은 LSTM부터 ARIMA와 Prophet 등 대표적인 시계열 분석을 사용했지만, 예측이 어려웠고 추세와 패턴이라는 특징을 통해서 새로운 방법을 시도하게 했습니다. 아쉽게도 분석 모델의 정확도가 높지는 않았으나 시계열 분석에 대한 개념과 특성에 대해 깊이 있게 다뤄볼 수 있었습니다.

또한, 교육과정에 자연어처리에 관한 내용이 전혀 없었으나 주가 분석과 관련한 선행 연구 사례들 33개의 논문을 확인하고 참고할만한 논문 7개를 추려 기존 문제점들을 개선해나가는 식으로 자연어처리를 활용했습니다. 문장을 앞뒤로 해석하여 문맥을 이해할 수 있으므로 상황에 따라 달리 해석되는 다의어도 파악할 수 있는 특징이 있는 BERT를 활용하여 문맥적 의미 변이 및 동음이의어 구분의 문제를 해결하였습니다. 또한, 증권사 리서치 자료를 통해 전문적인 용어를 추가하고 단어 임베딩을 통해 단어 유사도 검증을 거쳐 감성 수치를 구체화한 주식 도메인 감성사전을 만들어 최종적으로 정확도 94%에 달하는 뉴스감성분류모델을 만들었습니다.

셋째, 팀원들과 협업하는 법을 배웠습니다.
Slack과 Jira 등의 툴을 활용하여 애자일 방식으로 2주단위로 진행되는 스프린트에 대한 계획을 수립하고, 스크럼 방식으로 협업해나가는 과정을 통해 개발자들이 서비스를 개발하는 과정을 배웠습니다. 무엇보다도 팀원들과 수시로 소통하면서 사소한 어려움도 함께 해결했던 점이 좋은 결과를 가져왔다고 생각합니다. 이를 통해 직무를 수행하는 협업방식에 빠르게 적응할 수 있는 기반을 마련했습니다.",1500,,10월 31일
GS네오텍,"지원동기 및 입사 후 포부	","▲ DX의 해결사, GS네오텍

독자적인 CDN 사업을 통한 업계 1위인 GS네오텍은 다양한 산업군의 고객을 보유하고 차별화된 서비스를 준비하고 있습니다. 지금까지 데이터 관련 공부를 해오면서 무궁무진한 가능성이 있는 클라우드를 활용한 사업의 중요성을 더욱 아는 터라 GS네오텍의 횡보는 눈길을 끌 수밖에 없었습니다. 또한, AWS의 가장 높은 파트너 등급인 프리미어 컨설팅 파트너 자격을 보유한 사례로 보아 진정으로 고객이 원하는 서비스를 구현할 능력이 있는 기업이라는 것과 언택트 환경에 맞는 솔루션으로 DX를 위한 클라우드 사업에 발 빠르게 맞춰간다는 것을 느낄 수 있었습니다.

▲ 꾸준히 성장하는 사원

교육과 실무를 통해 쌓은 클라우드에 관한 관심과 경험을 바탕으로 GS네오텍에서 제 몫을 다해내는 사원이 되겠습니다. 빅데이터 분석가 과정에서 AWS와 Azure을 활용한 Cloud 수업을 수강하며 여러 서비스를 사용하면서 클라우드 서비스의 다양한 기능들과 미래 가능성에 관심을 두게 되었습니다. 또한, 산학프로젝트를 진행하며 대용량 데이터를 수집하고 처리하는 빅데이터 플랫폼을 구현하기 위해 Nifi라는 자동화 프로그램을 활용해보는 등 클라우드에 관한 관심과 실무적 경험들을 쌓아 올 수 있었습니다.
학부 시절 전공 수업 들을 통해 프로그래밍 언어, 컴퓨터구조, 자료구조, 알고리즘, 운영체제 등 폭넓은 지식을 쌓으며 컴퓨터 관련한 내용을 이해할 수 있는 바탕을 마련하였고 산학프로젝트에서 주식 예측 플랫폼을 개발하면서 기획에서부터 프로젝트팀장 역할을 맡아 아키텍처 설계, 데이터 분석, 데이터베이스 구축 전 부분에 참여하며 팀을 이끌어가는 책임감과 팀원들과의 협업과 소통의 능력도 길러왔습니다. 올해 남은 기간 SQLD와 빅데이터 분석기사 실기 시험을 통해 자격증을 취득하여 데이터분석에 대한 역량을 키운 후 AWS에 대한 기본 지식을 공부하며 클라우드 관련 역량을 꾸준히 쌓아 GS네오텍을 대표하는 사원이 되겠습니다.

▲ 고객 맞춤형 데이터 사이언티스트

제 꿈은 사람들을 행복하게 해주는 일을 하는 것입니다. 입사 후에 유능한 팀원들과 데이터분석을 기반으로 고객이 원하는 인사이트를 도출하여 서비스로 구현해내는 고객 맞춤형 데이터 사이언티스트가 된다면 제 꿈을 현실적으로 이룰 수 있을 것입니다. GS네오텍은 디지털 전환이 필요한 많은 기업에 해답을 줄 수 있는 기업이라고 생각합니다. 저는 이러한 GS네오텍과 함께 성장하며 GS네오텍의 CDN을 제대로 이해하고 클라우드에 관한 전문가이자 고객맞춤형 데이터 사이언티스트로서 고객 만족을 통해 행복을 끌어내 보고 싶습니다.",1500,,10월 31일
이랜드ESI,삶을 통해 이루고 싶은 인생의 비전 또는 목표 3가지를 우선순위 순으로 적어 주십시오.,"1. 데이터 전문가 : 데이터 사이언티스트가 되어 사람들이 원하는 맞춤형 서비스를 기획하고 구현해보기
2. 존경받는 리더 : 우리나라에서 가장 행복한 조직을 만들고 분야를 대표하는 회사로 멋지게 이끌어갈 경영자로 거듭나기
3. 학교 설립 : 나이 상관없이 배움에 뜻이 있는 사람이라면 누구나 올 수 있고 삶의 의미를 찾을 수 있는 학교 세우기",240,,10월 31일
이랜드ESI,자신이 다른 사람과 구별되는 능력이나 기질을 써주십시오,"1. 협업의 달인 : 상대방의 장점을 잘 파악하는 능력을 토대로 구성원들 간의 시너지 효과를 만드는 능력으로 인턴 기간에 3개의 상을 받았습니다.
2. 성과의 달인 : 안되면 될 때까지 하는 근성을 바탕으로 반드시 목표한 바를 이뤄내는 능력을 통해 빅데이터 분석가 과정에서 1등으로 수료하였습니다.
3. 해결의 달인 : 어떤 문제가 발생하더라도 최대한 빠른 기한 내에 문제를 해결해내는 대처능력으로 대대장님께 가장 신뢰받는 참모였습니다.",240,,10월 31일
이랜드ESI,자신의 인생에 가장 영향을 끼친 사건 3가지를 든다면?,"1. 복수전공
 =>  학교 최초로 생긴 전공을 복수전공을 하여 호기심으로 시작했던 데이터 공부의 시작이었으며, IT 관련 지식의 기반이 되었습니다.
2. 팀화이트
 => 마케팅이 전부인 줄 알았던 제게 브랜딩의 관점에서 기업의 역할뿐만 아니라 소비자의 역할도 고민해볼 수 있던 경험입니다. 
3. 해병대장교 
 => 최전방 백령도에서 확실하게 주어진 ‘권한’과 ‘책임’을 통해 일과 사람을 책임질 수 있도록 더욱 성장할 수 있었던 경험입니다.",240,,10월 31일
이랜드ESI,"살아오면서 자신이 성취한 것 중 자랑할 만한 것을 1,2가지 소개해 주십시오","학부 시절 학생회를 이끌며 학과 최초로 진로박람회 콘센트의 행사를 기획하여 90%이상의 참여율을 달성했고, 이후 행사 참여율을 최소 70% 이상으로 유지하는 성과를 보였습니다.",100,,10월 31일
이랜드ESI,후배에게 추천하고 싶은 책 3권을 중요한 순서대로 적어 주십시오.,"1) 책을 지키려는 고양이
 => 책에 대한 관심이 없는 사람에게도 책의 의미에 대해 생각해볼 수 있게 해준다.
2) 빅데이터 인문학 : 진격의 서막
 => 이제는 교양에서 필수적인 상식으로 자리 잡은 빅데이터에 대해 쉽게 접근해볼 수 있다.
3) 나는 주식보다 주가지수에 투자한다
 => 요즘 주식투자에 관심이 많은 젊은 세대에게 올바른 투자 관념을 갖추는 데 필요하다고 생각했다.",240,,10월 31일
이랜드ESI,즐겨 찾는 인터넷 사이트와 그 이유를 설명해 주십시오,"1) 브런치 – 삶의 영감을 얻거나 궁금한 것에 대한 간접 경험
2) 커리어리 – 직무 전문가들의 관심 사항과 주요 트렌드 확인
3) 오픈애즈 – 최신이슈가 되는 마케팅 소식을 확인",240,,10월 31일
이랜드ESI,자신에게 있어서 직장생활의 의미를 써 주십시오,"제가 회사를 선택하는 기준은 성장 가능성입니다. 저와 회사가 둘 다 성장할 기회를 가질 수 있는지가 가장 중요하다고 생각합니다. 또한, 제게 직장생활이란 삶을 배워가는 한 과정이며 미래를 함께할 소중한 동료를 얻을 기회입니다.",200,,10월 31일
이랜드ESI,지원동기를 구체적으로 적어 주십시오,"가장 큰 이유는 제가 직접 주도성을 가지고 일을 해볼 수 있다는 것입니다. 신입사원이 아니라 인턴사원에게 주어지는 업무는 매우 단순하고 쉬울 것이라 생각했으나 이랜드 ESI에서 중요한 프로젝트를 인턴에게 맡기는 모습은 제게 신선한 충격을 주었습니다. 이랜드 ESI 특성상 각 사업부에 따라 프로젝트 방식으로 진행될 텐데 지금까지 크고 작은 프로젝트를 거치며 겪어온 책임의 무게 만큼 좋은 결과를 가져올 자신이 있습니다. 특히, 빅데이터 시대를 맞아 이랜드에서도 디지털 헬스케어 분야를 시작으로 다양한 분야에서 신사업을 주도하는 데 있어 공공데이터 인턴 경험과 빅데이터 분석가 과정을 수료하는 등 데이터 관련 지식을 꾸준히 쌓아온 제가 IT 관련 사업을 맡게 된다면 이바지할 수 있을 것으로 기대합니다.",500,,10월 31일
이랜드ESI,위에서 표현되지 못한 자기소개를 간단하게 적어 주십시오,"▲ 데이터 기반 전문 경영인

제 꿈은 사람들을 행복하게 해주는 일을 하는 것입니다. 입사 후에 유능한 팀원들과 데이터분석을 기반으로 고객이 원하는 인사이트를 도출하여 서비스로 구현해내는 고객 맞춤형 데이터 사이언티스트가 되어 데이터 기반 의사결정 능력을 키우고, 전문 경영인으로 성장한다면 제 꿈을 현실적으로 이룰 수 있을 것입니다. 이랜드 ESI는 남다른 경영방식으로 경영에 어려움을 겪는 많은 기업에 해답을 줄 수 있는 기업이라고 생각합니다. 저는 이러한 이랜드 ESI와 함께 성장하며 고객 맞춤형 데이터 사이언티스트이자 전문 경영인으로서 사람들의 행복을 끌어내 보고 싶습니다.

저는 다음과 같은 3가지 특성을 가지고 있습니다. 

▲ 첫 번째, 함께 목표를 이뤄냅니다.

학창시절 반장과 회장을 거쳐 대학 시절까지 학생회장과 학회장을 맡으며 쌓은 사람 빅데이터는 다양하고 새로운 사람들과 협업을 할 때 상대방의 장점을 잘 파악할 수 있는 능력을 길러주었습니다. 덕분에 팀 프로젝트를 할 때 주로 팀장을 맡아 팀원들의 적절한 역할분담을 통해 팀의 효율적인 운영을 이끌었습니다. 국립축산과학원에서 인턴을 수행하며 인턴을 대상으로 열린 3개의 대회에 참가하여 각 대회에서 모두 수상한 경험이 있습니다. 짧은 기간 동안 팀원들의 특성을 파악하여 기획팀과 분석팀을 나누어 운영하였고 각자의 강점을 바탕으로 업무 피로도를 최소화하고 최선의 결과를 도출할 수 있었습니다. 또한, 한양대 산학단에서 뉴스 빅데이터 분석을 통한 주가 변동성 예측을 주제로 산학프로젝트를 하며 기획부터 서비스 구현까지 애자일 방식으로 협업하는 방법을 배웠고 특히, 철저하게 사용자의 입장에 집중한 서비스 구현과 발표구성으로 발표 1등을 이뤄낸 경험을 바탕으로 인턴을 수행하면서도 팀원들과의 시너지 효과를 이끌어낼 수 있을 것입니다.

▲ 두 번째, 배우는 것을 즐깁니다.

새로운 것을 학습하는 데 주저함 없이 즐기는 성향을 지니고 있습니다. 지난 2018년, 해병대 정보통신 장교로 임관하여 최전방 백령도에서 정보통신 부서를 운영했습니다. 정보통신 관련 기초지식이 부족한 상태에서 부서장을 맡아 밤낮으로 공부하며 부서운영을 위해 노력했습니다. 결국, 6개월 안에 유무선 통신뿐만 아니라 군 내부 체계망을 관리했으며 특히, 해병대 최초로 도입된 TICN을 전력화하는 데 이바지하면서 전반적인 네트워크 구성과 서버의 개념에 대해서 실무적으로 경험을 쌓았으며 대대장님이 가장 신뢰하는 참모로 인정받을 수 있었습니다. 입사 후에도 새로운 분야에 대해 주저하지 않고 학습하여 차별화된 전략을 세우는 데 이바지하겠습니다.

▲ 세 번째, 꾸준히 성장합니다.

학부 시절 전공 수업 들을 통해 프로그래밍 언어, 컴퓨터구조, 자료구조, 알고리즘, 운영체제 등 폭넓은 지식을 쌓으며 컴퓨터 관련한 내용을 이해할 수 있는 바탕을 마련하였고 산학프로젝트에서 주식 예측 플랫폼을 개발하면서 기획에서부터 프로젝트팀장 역할을 맡아 아키텍처 설계, 데이터 분석, 데이터베이스 구축 전 부분에 참여하며 팀을 이끌어가는 책임감과 팀원들과의 협업과 소통의 능력도 길러왔습니다. 

무엇보다도 담당 부서와 관련된 트렌드와 세부적인 기본 지식을 공부하며 이랜드 ESI의 한 획을 그을 수 있는 인턴이 되겠습니다.",1600,,10월 31일
NH투자증권,지원동기와 직무역량,"▲ 사람 맞춤형 데이터 사이언티스트

제 꿈은 사람들을 행복하게 해주는 일을 하는 것입니다. 지금까지 많은 사람과 교류하고 어떤 조직에서 리더 역할을 맡은 이유도 저와 함께하는 사람들이 행복해지길 바라는 마음에서 나왔습니다. 특히, 데이터 분석가의 능력과 데이터 엔지니어의 능력을 모두 갖춘 사람 맞춤형 데이터 사이언티스트가 되어 사회에 도움이 되는 일을 하는 것이 목표입니다. 여러 조직 생활 경험을 통해 얻은 사람에 대한 이해와 데이터를 공부하며 얻은 지식을 바탕으로 하여 사람에 대해 깊이 있게 연구하고 사람에게 도움이 되는 서비스를 만들며 보람을 느끼는 사람이 되고 싶습니다. 
NH투자증권에서 유능한 팀원들과 고객데이터를 분석하고 고객이 원하는 인사이트를 도출하여 서비스로 구현해내는 고객 맞춤형 데이터 사이언티스트가 된다면 제가 이루고자 하는 꿈에 현실적으로 다가갈 수 있을 것으로 생각합니다. 제 꿈을 이루기 위해 열정적인 배움의 자세로 금융도메인 지식을 꾸준히 학습하여 디지털 부서를 이끄는 핵심인재로 성장하겠습니다.

▲ NH투자증권의 차별화된 접근방식

동학개미운동을 보며 주가 분석에 관한 관심이 있었는데 ㅇㅇ에서 뉴스 빅데이터 분석을 통한 주가 변동성 예측 프로젝트를 진행하면서 본격적으로 증권업에 관심을 가졌습니다. 처음에는 머신러닝을 활용하면 쉽게 주가 예측이 가능할 줄 알았는데 어떤 식으로 접근해야 할지 조사하고 방향을 정하는 과정이 굉장히 오래 걸렸습니다. 특히, 주식에 입문한 지 얼마 되지 않은 신규투자자들 일명 ‘주린이’를 위한 서비스를 만드는 데 초점을 맞춰서 진행했습니다. 이후 금융보안원에서 주최한 금융데이터 경진대회에 참가하여 신규투자자 데이터를 분석하며 금융 분야 관련한 데이터 분석 경험을 쌓아왔습니다. 분석을 진행하며 의외로 2030 투자자들이 4050 투자자들과 비교해 유사한 투자 패턴을 보이는 모습이 인상적이었습니다. 대회를 통해 요즘 트렌드는 신규 유입된 투자자들의 특성을 분석하며, 그중에서도 MZ세대에 대해 중점을 두는 것을 느꼈습니다. 
NH투자증권에서는 투자가 문화로 라는 플랫폼을 보여줬는데 사실 제가 산학프로젝트를 진행하면서 팀원들과 플랫폼 서비스에 어떤 기능을 넣을지 고민했던 부분이 구현되어 있어서 굉장히 놀랐습니다. 특히, 모의 주식을 해볼 수 있는 NH super stock market과 투자 성향 MBTI는 아이디어 회의에서 채택되었으나 우선순위에서 밀렸던 기능들이라 더욱 관심을 가지고 이용해보았습니다. 콘텐츠로 주식 투자라는 다소 어렵다고 느낄 수 있는 진입장벽을 누구나 쉽게 접근할 수 있는 하나의 문화로 만들어주는 NH투자증권의 방향성에 마음을 빼앗겨버렸습니다.






▲ 무모한 도전, 주가 예측 프로젝트

한양대 산학단에서 총 10주간 뉴스 빅데이터 분석을 통한 주가변동성 예측 프로젝트를 열정적으로 수행한 경험을 통해 크게 3가지 점을 배울 수 있었습니다.

첫째, 빅데이터 플랫폼 활용 능력을 키울 수 있었습니다.
실시간으로 뉴스를 받아서 분석해주는 모델을 만들기 위해서 빅데이터 플랫폼을 활용해보고자 했습니다. 교육과정에서 배운 Virtual Box를 통해 설치되어 있던 플랫폼을 활용하여 서비스를 구현하고자 하였으나 버전이 오래되어 서비스가 종료되는 문제가 있어서 대신 Quickstart VM을 활용하였습니다. 우선, 크롤링하여 수집한 뉴스데이터를 HDFS에 적재하고 Kafka를 활용하여 실시간으로 들어오는 뉴스데이터들을 받아서 Spark를 통해 전처리 후에 Hbase에 적재하는 방식으로 설계하였고, Nifi를 사용하여 데이터 흐름의 자동화를 시도했습니다. 비록 여러 한계점으로 직접 서비스에 적용하지는 못했지만, 빅데이터 플랫폼의 편리성과 매력을 느낄 수 있었던 기회였습니다.

둘째, 머신러닝 기반 데이터분석 능력을 키울 수 있었습니다.
주가데이터 분석을 위해 다양한 시계열 분석을 시도했고, 뉴스데이터 분석을 통해 자연어처리에 대한 전반적인 개념과 언어모델의 활용능력을 기를 수 있었습니다. 주가데이터 분석은 LSTM부터 ARIMA와 Prophet 등 대표적인 시계열 분석을 사용해도 예측이 어려웠지만, 추세와 패턴이라는 특징에 중점을 두고 새로운 방법을 시도했습니다. 아쉽게도 분석 모델의 정확도는 높지 않았으나 시계열 분석에 대한 개념과 특성에 대해 깊이 있게 다뤄볼 수 있었습니다. 또한, 교육과정에 자연어처리에 관한 내용이 전혀 없었으나 주가 분석과 관련한 선행 연구 사례들 33개의 논문을 확인하고 참고할만한 논문 7개를 추려 기존 문제점들을 개선해나가는 식으로 자연어처리를 활용했습니다. 문장을 앞뒤로 해석하여 문맥을 이해할 수 있으므로 상황에 따라 달리 해석되는 다의어도 파악할 수 있는 특징이 있는 BERT를 활용하여 문맥적 의미 변이 및 동음이의어 구분의 문제를 해결하였습니다. 또한, 증권사 리서치 자료를 통해 전문적인 용어를 추가하고 단어 임베딩을 통해 단어 유사도 검증을 거쳐 감성 수치를 구체화한 주식 도메인 감성사전을 만들어 최종적으로 정확도 94%에 달하는 뉴스감성분류모델을 만들었습니다.

셋째, 팀원들과 협업하는 법을 배웠습니다.
Slack과 Jira 등의 툴을 활용하여 애자일 방식으로 2주 단위로 진행되는 스프린트에 대한 계획을 수립하고, 스크럼 방식으로 협업해나가는 과정을 통해 개발자들이 서비스를 개발하는 과정을 배웠습니다. 무엇보다도 팀원들과 수시로 소통하면서 사소한 어려움도 함께 해결했던 점이 좋은 결과를 가져왔다고 생각합니다. 이를 통해 직무를 수행하는 협업방식에 빠르게 적응할 수 있는 기반을 마련했습니다.

▲ 꾸준히 성장하는 데이터 전문가

빅데이터의 수집부터 머신러닝 기반 활용 및 시각화까지 공부하는 ‘PBL 머신러닝 기반 빅데이터 분석가 과정’을 1등으로 수료한 노력을 바탕으로 입사 후에도 꾸준히 성장하겠습니다. 프로젝트 경험과 인턴을 수행하며 수상한 경력을 토대로 고객이 원하는 서비스를 기획하고 구현하여 새로운 고객 경험을 통해 모두가 즐길 수 있는 투자 문화를 만들겠습니다.",3000,,11월 03일
KT DS,kt ds 및 해당 직무에 지원한 동기와 입사 후 해당 직무의 전문가로 성장하기 위해 어떠한 노력을 할지 구체적으로 기술해 주십시오,"▲ 고객 맞춤형 데이터 사이언티스트

제 꿈은 사람들을 행복하게 해주는 일을 하는 것입니다. 입사 후에 유능한 팀원들과 데이터분석을 기반으로 고객이 원하는 인사이트를 도출하여 서비스로 구현해내는 고객 맞춤형 데이터 사이언티스트가 된다면 제 꿈을 현실적으로 이룰 수 있을 것입니다. ㅇㅇ대 산학단 빅데이터 분석가 과정에서 부반장을 맡아서 매일 아침 AI와 빅데이터와 관련된 IT 뉴스를 찾아서 동기들에게 공유했습니다. 검색할 때마다 KT는 자주 보였기 때문에 자연스레 관심이 갔습니다. 기업들의 디지털 전환이 주요 쟁점인 요즘 KT DS는 클라우드, AI, 블록체인 등 IT 서비스 전문 기업으로서 단연 데이터 사이언티스트가 되고 싶은 제게는 꿈의 기업입니다. 

학교의 캡스톤디자인 수업, 산학 프로젝트, 그리고 인턴 수행 시 참가한 공모전에서 공공데이터를 활용한 아이디어를 도출하고, 서비스로 기획해본 경험이 있으며, 공공데이터 인턴을 하며 센서 데이터 전처리를 통해 로우데이터를 어떤 식으로 처리하고 활용하는지 실무적인 역량을 쌓았습니다. 이러한 역량을 바탕으로 입사 후에도 꾸준히 IT 신기술에 관해 공부하고 고객의 처지에서 생각하는 노력으로 KT DS와 함께 성장하겠습니다. 또한, 군시절을 함께한 통신 분야와 산학프로젝트의 도메인인 금융 분야를 깊게 공부하여 IT Transformation Leader라는 KT 비전 달성에 일조할 것입니다",700,,11월 03일
KT DS,"지원한 직무를 수행하기 위해 필요한 핵심 역량은 무엇이라고 생각하며, 그 이유에 대해 설명해 주십시오. 또한 해당 역량을 갖추기 위해 본인이 어떤 노력을 하였는지 기술해 주십시오","▲ 데이터, 사람들과 함께하는 능력

응용SW개발운영 직무를 수행하기 위해서는 데이터에서 인사이트를 도출해내는 데이터 리터러시와 팀원들과 소통하는 능력이 가장 필요하다고 생각합니다. 아무리 좋은 신기술이 있더라도 고객이 원하는 서비스가 아니라면 의미가 없고, 아무리 뛰어난 사람도 협업 없이는 좋은 서비스를 만들 수 없기 때문입니다.

빅데이터의 수집부터 머신러닝 기반 활용 및 시각화까지 공부하는 ‘PBL 머신러닝 기반 빅데이터 분석가 과정’을 1등으로 수료하며 전문지식을 쌓았습니다. 최종 프로젝트로 진행한 ‘뉴스 빅데이터 분석을 통한 주가 변동성 예측’에서 머신러닝 기반의 주가 변동성 예측 모델과 자연어처리를 활용한 뉴스 빅데이터 분석 모델을 개발하여 주린이를 위한 Hola Platform 서비스를 만든 경험은 금융 플랫폼을 기획하는 데 도움이 될 것입니다. 또한, 인턴을 수행하며 공공데이터를 활용한 아이디어 경진대회에서 수상한 경력은 고객이 원하는 서비스를 기획할 때 이바지할 것입니다.
또한, 정보통신 장교로 임관하여 최전방 백령도에서 유무선 통신뿐만 아니라 군 내부 체계망을 관리했으며 특히, 해병대 최초로 도입된 TICN을 전력화하면서 전반적인 네트워크 구성과 서버의 개념 등 IT 인프라에 관해 실무적으로 경험을 쌓았습니다.

학창시절부터 지금까지 학생회와 동아리에서 회장 및 국장을, 그리고 ROTC 자치근무자를 거쳐 해병대 장교 생활을 하며 조직을 성공적으로 이끌고 성과를 가져온 노하우와 소통능력은 누구보다 자신 있습니다. 항상 상대방 처지에서 생각해보고 경청하는 습관으로 부서의 시너지를 가져오겠습니다.",800,,11월 03일
KT DS,최근 3년 내 가장 어려웠던 도전은 무엇이었으며 그 경험을 통해 무엇을 배웠는지 기술해 주십시오,"▲ 무모한 도전, 주가 예측 프로젝트

ㅇㅇ대 산학단에서 뉴스 빅데이터 분석을 통한 주가변동성 예측 프로젝트를 열정적으로 수행한 경험을 통해 크게 3가지 점을 배울 수 있었습니다.

첫째, 빅데이터 플랫폼 활용 능력을 키울 수 있었습니다.
실시간으로 뉴스를 받아서 분석해주는 모델을 만들고자 했습니다. 우선, 크롤링하여 수집한 뉴스데이터를 HDFS에 적재하고 Kafka로 받아서 Spark로 전처리 후에 Hbase에 적재하는 방식으로 설계하였고, Nifi를 사용하여 데이터 흐름의 자동화를 시도했습니다. 비록 데이터 처리의 모든 과정을 서비스에 적용하지는 못했지만, 빅데이터 플랫폼의 편리성과 매력을 느낄 수 있었던 기회였습니다.

둘째, 머신러닝 기반 데이터분석 능력을 키울 수 있었습니다.
주가데이터 분석은 LSTM부터 ARIMA와 Prophet 등 대표적인 시계열 분석을 사용해도 예측이 어려웠지만, 추세와 패턴이라는 특징에 중점을 두고 새로운 방법을 시도했습니다. 또한, 자연어처리를 통해 주식 도메인 감성사전을 만들고, BERT를 활용하여 감성분류모델을 만들었습니다. 

셋째, 팀원들과 협업하는 법을 배웠습니다.
Slack과 Jira 등의 툴을 활용하여 애자일 방식으로 협업해나가는 과정을 통해 팀원들과 수시로 소통하면서 개발자들이 서비스를 개발하는 과정을 배웠습니다. 이를 통해 직무를 수행하는 협업방식에 빠르게 적응할 수 있을 것입니다.",700,,11월 03일
KT DS,"공동의 목표 달성을 위한 협업 경험을 본인이 수행한 역할 중심으로 설명하고, 그 경험을 통해 무엇을 얻었는지 기술해 주십시오","▲ 최전방 통신체계를 책임지다

지난 2018년, 저는 해병대 장교로 임관했습니다. 서해최북단 백령도에 부대 배치 후 들어간 첫 회의에서 대대장님의 훈육을 통해 느꼈던 최전방 부대의 긴장감은 살면서 느꼈던 종류의 것과는 차원이 달랐습니다. 저희의 목표는 단 하나, 국가 수호를 위해 밤낮으로 방위태세를 갖추는 것이었습니다.

해안에 근접한 특성으로 인해 통신망과 감시장비의 고장이 잦았으나, 해야 할 일에 비해 가용 가능한 인원이 너무 부족했습니다. 적재적소에 인원을 현장에 투입하고 문제도 해결하기 위해서는 철저한 일정 관리와 인원 관리가 필수였습니다. 매번 맞닥뜨리는 새로운 문제들을 해결하기 위해서 부서 간부들과 자주 소통하고 소대원들의 의견을 자주 수렴하여 탄력적이고 유연하게 대처해나갔습니다. 항상 최선의 결정을 내리기 위해서 현장을 직접 발로 뛰고, 업무시간 이후에도 부서 운용계획을 세우느라 개인적인 여유가 전혀 없었지만 그런데도 버틸 수 있었던 것은 믿고 의지할 수 있는 소대원들이 있었기 때문이었습니다. 

결국, 대대장님이 가장 믿어주신 참모부서이자 수치화를 통한 데이터 기반의 효율적인 운영과 다른 참모 부서와의 원활한 소통으로 백령도의 통신체계망 60%를 관리했고 특히, 상급부대 검열 시 지적이 한 건도 없었다는 자부심이 있습니다. 이를 바탕으로 KT DS에서도 제 맡은 바 업무를 확실하게 처리할 수 있으리라 생각합니다.",700,,11월 03일
